problem,individual_id,FAD_m3_h,FRP_m3_h,FVU_m3_h,TRP_s,TED_s,TPR_s,rank,crowding_distance,constraint_violation,is_feasible,pred_recovery,pred_purity,pred_productivity_mol_h_kg,pred_energy_kJ_kgCO2,pred_log_energy,objective_1_score,objective_2_score,is_nondominated
purity_recovery,1,0.5001638804740297,0.43928464790687316,1.999689202734026,54.999850869267604,5.761658056944979,24.99936139903532,0,inf,0.0,1,0.935081631,0.769657193471671,0.3028073900048222,1433.740559515822,3.1564705713008268,0.769657193471671,0.935081631,1
purity_recovery,2,0.6974906986376932,0.8497921386449758,1.9999994004645023,54.989318632277445,13.137692750393912,24.999934072909237,0,inf,0.0,1,0.3934067643485881,0.918193877,0.1827932394603225,2691.0616133413614,3.4299236412895215,0.918193877,0.3934067643485881,1
purity_recovery,3,0.5042833557500931,0.7682913233555884,1.9999993937929121,54.99487920027835,5.026763491792615,24.92448139329461,0,0.05463021146500839,0.0,1,0.6908009979546186,0.8912255446226871,0.2249461369502973,2118.1368654955254,3.3259540190429693,0.8912255446226871,0.6908009979546186,1
purity_recovery,4,0.5001237975688535,0.776671712943478,1.999989473646757,54.997486076533285,5.520260600640084,24.99294770142499,0,0.05342882644872993,0.0,1,0.6753610581204506,0.8933752340186976,0.21841676965491463,2168.672537926573,3.336193979995767,0.8933752340186976,0.6753610581204506,1
purity_recovery,5,0.662740652955058,0.8431161637909478,1.9999951934776177,54.99890940579084,5.65954286576727,24.999934072909237,0,0.04886139034662357,0.0,1,0.5050302446975231,0.9117198497760088,0.215223406982325,2360.6897196448367,3.37303890876385,0.9117198497760088,0.5050302446975231,1
purity_recovery,6,0.5994819858776163,0.8467594329194734,1.9999854390911023,54.99974656358656,5.882255446237621,24.999833339347568,0,0.04670092012428601,0.0,1,0.5215137031373904,0.9105879590092811,0.2012592683635397,2460.979519340688,3.391107999450736,0.9105879590092811,0.5215137031373904,1
purity_recovery,7,0.5994819858776163,0.8498911122820371,1.9998883046841327,54.997482270544225,14.131426578890194,24.954151145048648,0,0.037526626384059056,0.0,1,0.42284444349019035,0.9165712677984904,0.16992356676701997,2757.3403099632014,3.440490369884661,0.9165712677984904,0.42284444349019035,1
purity_recovery,8,0.5000889695145845,0.5413941426144506,1.9999725867399643,54.999734807601,5.110549763909511,24.99586098874828,0,0.03433675782760666,0.0,1,0.9050402120825952,0.8193334801778734,0.29222370753925875,1547.760483422735,3.189703754295168,0.8193334801778734,0.9050402120825952,1
purity_recovery,9,0.5001238441621613,0.8497866758553378,1.9999587970107797,54.974346376946976,5.9007674043976355,24.99864368579061,0,0.033880987165194464,0.0,1,0.5569256935764362,0.9070535768100421,0.1801696191431283,2644.846799443914,3.422400520952277,0.9070535768100421,0.5569256935764362,1
purity_recovery,10,0.5053512280433468,0.741512526141564,1.999988964291993,54.99847832089741,5.013872079648559,24.927847867007284,0,0.03338177469025123,0.0,1,0.7263059246692064,0.8853062041113569,0.2369898549371219,2001.174462070658,3.3012849520104117,0.8853062041113569,0.7263059246692064,1
purity_recovery,11,0.5023470559319755,0.8467594329194734,1.9999854390911023,54.9998442037206,5.805631256161802,24.999833339347568,0,0.03270359273225306,0.0,1,0.5621786463304871,0.9066260162350983,0.182610733534661,2614.266272451479,3.4173498199572077,0.9066260162350983,0.5621786463304871,1
purity_recovery,12,0.5001020938450372,0.7099929993875762,1.9999328175183395,54.99849144926537,5.1090989252792856,24.985784346530494,0,0.043713229727646075,0.0,1,0.7665519839155606,0.8772639091710348,0.24762198523057224,1896.707895298281,3.278000452012457,0.8772639091710348,0.7665519839155606,1
purity_recovery,13,0.5026614642104472,0.4876935266864297,1.9999928968973135,54.99941890912252,5.437340331974187,24.99720836589428,0,0.029615160711920156,0.0,1,0.9246116982401047,0.7951838891556645,0.3004184188080129,1477.7629135460659,3.169604763153589,0.7951838891556645,0.9246116982401047,1
purity_recovery,14,0.5008798588361804,0.7182665323781916,1.9999905519757823,54.98367331957212,5.012522213633495,24.9993335506459,0,0.04179742263429345,0.0,1,0.7577621136458408,0.8792235364269673,0.2449995832018118,1922.6854385521112,3.2839082371892476,0.8792235364269673,0.7577621136458408,1
purity_recovery,15,0.5031983420387884,0.8338681921083815,1.9996866648100133,54.994743331512815,5.875575636776203,24.993405358907843,0,0.029288780000765485,0.0,1,0.5817823809719489,0.9046415555575649,0.1893624638153214,2516.948194286372,3.400874276665922,0.9046415555575649,0.5817823809719489,1
purity_recovery,16,0.5001238441621613,0.8267832118185452,1.9999376635215258,54.999806225110845,5.018195601895667,24.99918194067908,0,0.02921844840218828,0.0,1,0.6069741838482632,0.9022083290015837,0.19592027103704845,2451.4809140016287,3.3894285163967837,0.9022083290015837,0.6069741838482632,1
purity_recovery,17,0.5008626612386499,0.6776411790550435,1.999999363974114,54.99502034533367,5.053994017993206,24.999693859082022,0,0.028704260256641433,0.0,1,0.8025034552832208,0.8683233275684341,0.25951515500953715,1799.7148241467294,3.2552036939303344,0.8683233275684341,0.8025034552832208,1
purity_recovery,18,0.5002061533527837,0.8307760663357586,1.9991238240114666,54.99980785102366,5.0179366547590405,24.999207908187614,0,0.027682528257569554,0.0,1,0.600358512417654,0.902910364215051,0.1938062541539246,2479.056466384112,3.394286418966186,0.902910364215051,0.600358512417654,1
purity_recovery,19,0.5147043205719277,0.6470442960245135,1.9999989358039625,54.99668714589551,5.251435366288209,24.952758923465446,0,0.04024064875184426,0.0,1,0.8257280446729695,0.860693955302958,0.2744010356503804,1698.3870330148993,3.2300366653833463,0.860693955302958,0.8257280446729695,1
purity_recovery,20,0.6105386759430557,0.8464741452548776,1.9999763326796893,54.990803014435365,12.378443035762341,24.92435497167004,0,0.027284339744942696,0.0,1,0.43832827127010404,0.9156548665299318,0.17781486124962154,2682.3081038128976,3.428508661696256,0.9156548665299318,0.43832827127010404,1
purity_recovery,21,0.6773686746187657,0.8498048422501374,1.9999763430589559,54.99994632720412,13.240037490458572,24.924744757255656,0,0.026342887354474827,0.0,1,0.3987582585675454,0.9179604197342912,0.18018012592471572,2706.166256445085,3.432354474463622,0.9179604197342912,0.3987582585675454,1
purity_recovery,22,0.5400773416791563,0.7936460035440343,1.9968529388159126,54.97760414347695,5.012210486214553,24.99992603474314,0,0.026172967724314048,0.0,1,0.6404855680600106,0.8981886977814655,0.22239385417345653,2179.3212807460523,3.338321259695402,0.8981886977814655,0.6404855680600106,1
purity_recovery,23,0.5008424739055496,0.7464353636897672,1.9999998244039219,54.99874291423369,5.051458099501114,24.99975359572436,0,0.02609266854180195,0.0,1,0.7220842790376647,0.8861340583418666,0.23348641114398688,2027.9556079344163,3.3070584440340136,0.8861340583418666,0.7220842790376647,1
purity_recovery,24,0.5013083080751465,0.5642328380681664,1.9975070877106094,54.992170307635774,5.172599538515436,24.99991928448653,0,0.025957186245971153,0.0,1,0.8922549136964418,0.8292953304240773,0.2888296497880081,1574.2778937196074,3.197081397055049,0.8292953304240773,0.8922549136964418,1
purity_recovery,25,0.5880303535113417,0.8417343665341229,1.999890056476803,54.672743358137495,5.219524062941069,24.997374974474777,0,0.025697203535271024,0.0,1,0.5488129007687405,0.9079934654607679,0.2068763315678471,2394.8508977714887,3.3792784796333275,0.9079934654607679,0.5488129007687405,1
purity_recovery,26,0.5400075543743145,0.8286919681422975,1.9996798886015752,54.99534544757095,5.0139976728910245,24.999777256468004,0,0.02568379763144092,0.0,1,0.5880173484313325,0.9044424602003815,0.20417265956747843,2387.8203156790696,3.378001642873954,0.9044424602003815,0.5880173484313325,1
purity_recovery,27,0.5006509712885644,0.6705410409714707,1.9999953261619088,54.98842568601413,5.0271874400464105,24.999984772978358,0,0.025501481900870024,0.0,1,0.8100665592224622,0.866158273434205,0.2618168966007236,1781.6905332444348,3.25083227244175,0.866158273434205,0.8100665592224622,1
purity_recovery,28,0.6954288868378491,0.8498090872598119,1.9999872578372595,54.99700660543357,8.139591794821534,24.999732246627385,0,0.0253204394859649,0.0,1,0.44600378079122327,0.9154033589432938,0.20197410438466554,2507.5339076526843,3.399246814397098,0.9154033589432938,0.44600378079122327,1
purity_recovery,29,0.5000280660063237,0.4444815387387151,1.999689202734026,54.999850869267604,5.767250244308752,24.99945485305513,0,0.025107385883463874,0.0,1,0.9343146585912981,0.7725833047055478,0.3024778694929379,1438.0468239790216,3.157773027260103,0.7725833047055478,0.9343146585912981,1
purity_recovery,30,0.500795830719643,0.5118367505222332,1.9999993937929121,54.99484538358662,5.026763491792615,24.92448139329461,0,0.025050725570162784,0.0,1,0.9173564912536643,0.8058062500763044,0.29668687959276896,1513.2883515107171,3.1799216891191473,0.8058062500763044,0.9173564912536643,1
purity_recovery,31,0.5069502339724041,0.6613714742485225,1.9997944636286138,54.99412782489432,5.028666187954864,24.999190689193217,0,0.030350168795965637,0.0,1,0.8168610398619094,0.8639703474348559,0.26717522068929606,1747.3068980991313,3.2423691914427004,0.8639703474348559,0.8168610398619094,1
purity_recovery,32,0.687031616166972,0.8462944835814216,1.9999994450734848,54.99434027565006,5.4182191730923215,24.999934097771444,0,0.030527311931628158,0.0,1,0.4943019380161252,0.912539750162184,0.21818180955428923,2353.943050952165,3.3717959517289957,0.912539750162184,0.4943019380161252,1
purity_recovery,33,0.5007080481461426,0.5277116204927328,1.999999619611395,54.995267910352,5.445230256360792,24.95258142062812,0,0.034754443332004184,0.0,1,0.9099536851417176,0.8141194889188882,0.2946988062309318,1524.177173221797,3.183035453145483,0.8141194889188882,0.9099536851417176,1
purity_recovery,34,0.5001058859369482,0.6238403470142267,1.9996847105924425,54.999808361258445,5.026408254678829,24.398089471979695,0,0.02351750785524441,0.0,1,0.8477646944149881,0.8519459181927621,0.275476110922671,1681.0211650686103,3.22557318150291,0.8519459181927621,0.8477646944149881,1
purity_recovery,35,0.5979198848240181,0.8495565774871014,1.9999995575535925,54.99842253684581,13.391108377989681,24.999951687393647,0,0.023333476422876104,0.0,1,0.4306694408624952,0.916170099429918,0.17188517258717884,2739.813945755248,3.437721071916988,0.916170099429918,0.4306694408624952,1
purity_recovery,36,0.5004137006645268,0.7882840735737118,1.9914713438516172,54.99345424868117,5.015990214487335,24.998152230857748,0,0.023188013131727424,0.0,1,0.6623558649446694,0.8951300210628983,0.21389706638414813,2227.087510713284,3.3477372824463365,0.8951300210628983,0.6623558649446694,1
purity_recovery,37,0.5083652955830406,0.7602590679076512,1.99998947732078,54.99749624861782,5.585199550240108,24.999932768278363,0,0.02308679053293635,0.0,1,0.6943896302688688,0.8904786095170146,0.22813361925872366,2075.158689740974,3.317051313310112,0.8904786095170146,0.6943896302688688,1
purity_recovery,38,0.5001955870679381,0.8077705903271039,1.9999868439615898,54.982900102432524,5.001448728048843,24.982788265639627,0,0.031345833599166865,0.0,1,0.6364564674868463,0.8987411054208676,0.20548550800880838,2331.409994832343,3.3676186539735835,0.8987411054208676,0.6364564674868463,1
purity_recovery,39,0.5023502902467166,0.706000055486083,1.9999697783295027,54.999981155228866,5.072876700507459,24.9993335506459,0,0.024829162530026774,0.0,1,0.7708313695254454,0.8763143358642151,0.2499970905421715,1879.5948609182647,3.2740642489291805,0.8763143358642151,0.7708313695254454,1
purity_recovery,40,0.5008409979418862,0.6922904681477973,1.999972789863393,54.98700642387741,5.016560624339123,24.99181266691742,0,0.03960415865469468,0.0,1,0.7872774229734257,0.8723766700927146,0.25455527410951484,1840.9336440411105,3.265038134758143,0.8723766700927146,0.7872774229734257,1
purity_recovery,41,0.5400075543743145,0.8077032967835001,1.9996814450290723,54.99534544757095,5.0139976728910245,24.99977637269655,0,0.030285586398006915,0.0,1,0.6203063428986233,0.9007984649126926,0.21538681234652868,2256.9727809557426,3.353526321527029,0.9007984649126926,0.6203063428986233,1
purity_recovery,42,0.5020877448998022,0.8454316477368291,1.9998292121308647,54.99843890892731,5.365836091319501,24.962002556238637,0,0.03311316676842587,0.0,1,0.5704727688531441,0.9059107376149566,0.1850330750579543,2592.8491321219244,3.413777247585735,0.9059107376149566,0.5704727688531441,1
purity_recovery,43,0.5298427191851708,0.741512526141564,1.999988964291993,54.995308424117226,5.013872079648559,24.99981879641643,0,0.02245244530230684,0.0,1,0.7175350836624892,0.8867768051831763,0.24471202495097605,1956.0549091607468,3.291381041868152,0.8867768051831763,0.7175350836624892,1
purity_recovery,44,0.7356003193000771,0.8499915512499011,1.9999932875220021,54.93564947505479,5.525128791212058,24.999730922035972,0,0.0328450966240041,0.0,1,0.46896659305479427,0.9140796209418033,0.22185061444507517,2354.9750323430712,3.371986307060197,0.9140796209418033,0.46896659305479427,1
purity_recovery,45,0.5056381947640783,0.5486522782313551,1.999937439878644,54.995393695837464,5.016544971988654,24.99470232582037,0,0.029558832068039588,0.0,1,0.9006049883450412,0.8229290367110527,0.29378487823203864,1548.159434261179,3.1898156836429887,0.8229290367110527,0.9006049883450412,1
purity_recovery,46,0.5407660463531927,0.6741878504941268,1.9999993715695692,54.99954653378175,5.063488026851333,24.9965412416893,0,0.026398030397722053,0.0,1,0.7915824531925165,0.8705099760465852,0.27546916629088547,1722.62985210498,3.2361919689988836,0.8705099760465852,0.7915824531925165,1
purity_recovery,47,0.5069502339724041,0.6398683128013658,1.9999997400509277,54.98779947888228,5.756488950504514,24.999185937197645,0,0.034488581099902674,0.0,1,0.8316458882350308,0.8585729136683232,0.27281581734401167,1690.2871266179293,3.2279604838527756,0.8585729136683232,0.8316458882350308,1
purity_recovery,48,0.5017952128050364,0.6082970770580327,1.9995705555015908,54.999555325597555,5.014132360496674,24.999470496413252,0,0.03530570579255561,0.0,1,0.8640608741803051,0.8459332709245487,0.27984218362215263,1646.2046642214116,3.2164838278486036,0.8459332709245487,0.8640608741803051,1
purity_recovery,49,0.500702702684725,0.7380197448815684,1.9999998244039219,54.99874291423369,5.051458099501114,24.99975359572436,0,0.02191082114002017,0.0,1,0.7329630045242975,0.8841587762571724,0.2369467156522431,1994.9112588152623,3.2999235813941783,0.8841587762571724,0.7329630045242975,1
purity_recovery,50,0.5420380690769442,0.807098278189026,1.9994879668523762,54.99434212258933,5.45572542687726,24.9970917544861,0,0.02182578995566577,0.0,1,0.6139827937125197,0.9013525983376377,0.21430674668813388,2259.752803105233,3.354060933784995,0.9013525983376377,0.6139827937125197,1
purity_recovery,51,0.6379648732575504,0.8498844758624942,1.9955002965176625,54.997482270544225,13.177330015834574,24.998911987452967,0,0.021505986498720032,0.0,1,0.41374007779580313,0.9171018538222391,0.17591265724192537,2724.4176089932994,3.4352736786374054,0.9171018538222391,0.41374007779580313,1
purity_recovery,52,0.5233327302726775,0.6216732822827176,1.9999951920179095,54.99472170073774,5.027214138987188,24.977365098404388,0,0.02127736781787545,0.0,1,0.8469430430427765,0.8527409511366814,0.28564859637326795,1632.8926583435477,3.212957636407639,0.8527409511366814,0.8469430430427765,1
purity_recovery,53,0.5005452222110354,0.7974327674467876,1.9996882243575627,54.99534390696307,5.440962627410577,24.99787329234566,0,0.021189571780299774,0.0,1,0.6458175662980449,0.8974204359461047,0.20892367058274164,2277.8430135947574,3.357523789682123,0.8974204359461047,0.6458175662980449,1
purity_recovery,54,0.5011500772712458,0.5265864554616336,1.9999998342404957,54.91207414861122,5.000438283265818,24.890784437458215,0,0.034482318185623514,0.0,1,0.9115176397858201,0.8123464409715804,0.2949361756555173,1529.6835409539065,3.1846015938026806,0.8123464409715804,0.9115176397858201,1
purity_recovery,55,0.5002058278186565,0.43928464790687316,1.9991274638598249,54.99985035903282,5.761658056944979,24.999358049380334,0,0.021115514048438914,0.0,1,0.9350590732949824,0.7696699888060893,0.30281717952520326,1433.429840966832,3.1563764413169535,0.7696699888060893,0.9350590732949824,1
purity_recovery,56,0.5002955844872305,0.5732573022906926,1.9893541353490218,54.99984046484403,5.176015272887713,24.99996907391768,0,0.021102174967978976,0.0,1,0.8860818858879015,0.8329831582762925,0.28626048068360754,1587.5675474278507,3.200732212610372,0.8329831582762925,0.8860818858879015,1
purity_recovery,57,0.5029487576805682,0.5780212052151125,1.9998824210075132,54.98958405586471,5.003893289251293,24.999515798334492,0,0.021079012751522193,0.0,1,0.8846354476592759,0.834602798048237,0.2870819058884228,1594.4829358128745,3.2026198757759285,0.834602798048237,0.8846354476592759,1
purity_recovery,58,0.5002955844872305,0.5732573022906926,1.9999998342404957,54.99998731484191,5.001336658842072,24.99953031310806,0,0.020963792224664192,0.0,1,0.8882004094102385,0.8324459255711908,0.28679163807190594,1592.414562330612,3.202056140471286,0.8324459255711908,0.8882004094102385,1
purity_recovery,59,0.645966768277057,0.8498298997055462,1.9999564745291798,54.99434027565006,5.65954286576727,24.98375113540687,0,0.025325655982468005,0.0,1,0.5010149741468004,0.9122245593403137,0.20814368818043194,2426.3229159513226,3.384948600027318,0.9122245593403137,0.5010149741468004,1
purity_recovery,60,0.5966583235728025,0.8077032967835001,1.9996814450290723,54.99945748236984,5.0139976728910245,24.955200143519424,0,0.020265054791469235,0.0,1,0.5960484215944037,0.9033241656216794,0.22817933032783466,2176.37944543595,3.3377346156092123,0.9033241656216794,0.5960484215944037,1
purity_recovery,61,0.5001238441621613,0.4750093490184171,1.9999605502736246,54.901756481973464,5.821290442108872,24.99767244444672,0,0.06020759692579538,0.0,1,0.9279791203747744,0.7887977621784996,0.30037767955568695,1463.625200285242,3.1654298784386503,0.7887977621784996,0.9279791203747744,1
purity_recovery,62,0.7591287206053303,0.8497921386449758,1.9999999290483244,54.98917034413087,5.906314810990968,24.743731371302587,0,0.020161001390742315,0.0,1,0.45007503710488594,0.9151150202246017,0.22096510125594854,2382.7660250328818,3.377081399028815,0.9151150202246017,0.45007503710488594,1
purity_recovery,63,0.5288697409190175,0.75327869257466,1.9999998218254467,54.897238862878055,5.458807948398332,24.982758276726464,0,0.02009229780701183,0.0,1,0.6978967961659956,0.8897421007904002,0.23789869621634793,2006.000331991487,3.3023310005598026,0.8897421007904002,0.6978967961659956,1
purity_recovery,64,0.5051854053247503,0.4965858633701909,1.9999975954280673,54.9995618288755,5.004255402741969,24.997851426520846,0,0.0200888213598819,0.0,1,0.9223098674139716,0.7989240432246254,0.30056082266368883,1489.6472986620886,3.173083453394135,0.7989240432246254,0.9223098674139716,1
purity_recovery,65,0.5137399722053463,0.4806430032775323,1.9982544375225155,54.995132032739605,5.362793472517239,24.981083056259298,0,0.020046946827069742,0.0,1,0.9251296663158795,0.7930659733237082,0.306960494083311,1451.1200826950421,3.1617033525438463,0.7930659733237082,0.9251296663158795,1
purity_recovery,66,0.5001237975688535,0.4611652520615173,1.9999887764598596,54.998799466023755,5.1916933702991095,24.958998570921935,0,0.029728547457467364,0.0,1,0.9316056580354193,0.780382546770138,0.30099997678259566,1462.7047676266484,3.165156676959558,0.780382546770138,0.9316056580354193,1
purity_recovery,67,0.505391753046889,0.4984959737256409,1.9996882240536968,54.999561102927174,5.440962627410577,24.997870330409622,0,0.019924304867133362,0.0,1,0.920750792123276,0.8009503301939949,0.30074252724292383,1483.3027183293268,3.1712297926222703,0.8009503301939949,0.920750792123276,1
purity_recovery,68,0.5000740149838873,0.6199641549347622,1.9999543597650575,54.99999991645571,5.001655402755189,24.849101357707383,0,0.021241924579648526,0.0,1,0.8545886886946954,0.8500287893341784,0.2763046360864668,1671.8111882204896,3.2231872273229394,0.8500287893341784,0.8545886886946954,1
purity_recovery,69,0.5029487576805682,0.5780212052151125,1.9895191483314267,54.98966219910329,5.175892497727156,24.99995614578917,0,0.01947944162557882,0.0,1,0.8824834733294031,0.8351274175204383,0.28653693770380256,1589.9024234114718,3.201370471317729,0.8351274175204383,0.8824834733294031,1
purity_recovery,70,0.5026614642104472,0.5923524021676239,1.9999928968973135,54.99954230090836,5.166655779604069,24.99720836589428,0,0.019471654912586532,0.0,1,0.8744614061180657,0.8404743062510031,0.2838510514969435,1615.2283269352517,3.2082339224064804,0.8404743062510031,0.8744614061180657,1
purity_recovery,71,0.5024025320104554,0.7519583690491849,1.9998363202906115,54.999382677530576,5.001490346715529,24.990560462887736,0,0.021411428081752563,0.0,1,0.7146535963192215,0.8874314474724045,0.23174048774715525,2047.872829388465,3.3113029839397017,0.8874314474724045,0.7146535963192215,1
purity_recovery,72,0.5000447465652053,0.7975815863954012,1.9999895889513386,54.994287428483375,5.015990214487335,24.99816301155468,0,0.02627486461398678,0.0,1,0.6516363887382308,0.8968328226884126,0.21032728416856838,2273.2389470481953,3.356645088136031,0.8968328226884126,0.6516363887382308,1
purity_recovery,73,0.5000885887633174,0.5545369711998615,1.9999994567394108,54.99972508574798,5.022227386318007,24.99587639540485,0,0.045769303631797986,0.0,1,0.8987244190702934,0.8247807540413388,0.290090086740099,1566.2247148358838,3.194854072799723,0.8247807540413388,0.8987244190702934,1
purity_recovery,74,0.5007712986046685,0.5603909956955119,1.9999991215004491,54.998648562851656,5.034138089691007,24.655248058112946,0,0.04233720112162619,0.0,1,0.8933423004026322,0.8277359017419366,0.28979668272045406,1572.6717417174139,3.1966380833112487,0.8277359017419366,0.8933423004026322,1
purity_recovery,75,0.500050507072525,0.44264192184780504,1.999993605698087,54.97474993411352,6.4618873109763,24.997978627108765,0,0.018910825700974507,0.0,1,0.9341956222179104,0.7731625833120427,0.30337715198779486,1423.2958526875755,3.153295183875417,0.7731625833120427,0.9341956222179104,1
purity_recovery,76,0.6803265935490771,0.8497921386449758,1.9999967019010017,54.99434027565006,5.65954286576727,24.999934072909237,0,0.039730560670952556,0.0,1,0.48765481725576676,0.9130953972800132,0.21339329349374586,2396.9580787823043,3.3796604385756956,0.9130953972800132,0.48765481725576676,1
purity_recovery,77,0.5001993366587983,0.5469072245332095,1.9999995662756942,54.98817848695445,5.017915091090826,24.99989008947061,0,0.03239450364771947,0.0,1,0.9026899497286067,0.8214776007365657,0.29138611420507915,1556.1083603442196,3.192039836009056,0.8214776007365657,0.9026899497286067,1
purity_recovery,78,0.5037040952422354,0.7333853405869157,1.9999873433139546,54.99700699927554,5.027863765881285,24.997609005414745,0,0.029397449942506475,0.0,1,0.7379092989144882,0.8832159971145943,0.2398791665310993,1971.6030805463568,3.2948194880499613,0.8832159971145943,0.7379092989144882,1
purity_recovery,79,0.5007067220267118,0.6819567446589443,1.999999425707714,54.988381992716604,5.027638680230778,24.999898294082428,0,0.018708032323312147,0.0,1,0.7983452385195763,0.8694812440646565,0.25805880402413384,1811.8186805302073,3.2581147330839766,0.8694812440646565,0.7983452385195763,1
purity_recovery,80,0.5454931303739453,0.8138898075214919,1.9999999302909184,54.73784399631973,5.028654216238289,24.975776394838228,0,0.018699849096507137,0.0,1,0.6112834934620622,0.9015661728892703,0.2141035978048918,2275.634128229338,3.3571024383628,0.9015661728892703,0.6112834934620622,1
purity_recovery,81,0.5007712986046685,0.5973471146824327,1.9999873760424833,54.998648562851656,5.033900331207798,24.999031142274312,0,0.027910454666343704,0.0,1,0.8722228348114618,0.8418554111374418,0.2819495169748126,1628.9304806286907,3.211902549917104,0.8418554111374418,0.8722228348114618,1
purity_recovery,82,0.5051854053247503,0.7200890654073733,1.9999995293030983,54.983699947818806,5.016995890467535,24.99630939520918,0,0.018443698066885263,0.0,1,0.7538882328989504,0.8799997385985265,0.24573572413395195,1920.8862171682172,3.2835016403851216,0.8799997385985265,0.7538882328989504,1
purity_recovery,83,0.5336205671797428,0.6300780383948617,1.9999742391176047,54.9779498070084,5.006264621352677,24.998677141800982,0,0.018303907782963175,0.0,1,0.8369238159861383,0.8563524165978385,0.28748581315177985,1632.5788403393142,3.2128741633606164,0.8563524165978385,0.8369238159861383,1
purity_recovery,84,0.5028327170005716,0.7519583690491849,1.9998352014969758,54.993153264989076,5.362410829982095,24.99041216501361,0,0.027802962230378522,0.0,1,0.7103399932052111,0.8879841685699215,0.23080860854405758,2048.1978314818703,3.311371901996911,0.8879841685699215,0.7103399932052111,1
purity_recovery,85,0.5005768173983279,0.481545348057034,1.9999992064874976,54.99975274248736,5.780873302219186,24.986422854039734,0,0.018033319079801827,0.0,1,0.9260491351838579,0.7926003524068865,0.3001674352577709,1469.3840297249085,3.1671353153232222,0.7926003524068865,0.9260491351838579,1
purity_recovery,86,0.5043415713828575,0.7782172664377733,1.99998947732078,54.99750097196714,5.509744272496776,24.999846762593915,0,0.018028005568080367,0.0,1,0.67167666947193,0.8939174613236354,0.21892925126820045,2168.0432854210894,3.336067948729756,0.8939174613236354,0.67167666947193,1
purity_recovery,87,0.5288854442513552,0.691295898218761,1.9999948075969662,54.999636343325456,5.195990372893106,24.971814449270237,0,0.02435455913698701,0.0,1,0.7760871228534372,0.8745905133647476,0.264557641274756,1788.3756446303496,3.2524587467055732,0.8745905133647476,0.7760871228534372,1
purity_recovery,88,0.5024025320104554,0.5207849080518536,1.9998363202906115,54.999382677530576,5.001490346715529,24.990560462887736,0,0.03831212661342465,0.0,1,0.9139905750126518,0.8101045852538732,0.29629128239856567,1520.702034080796,3.182044126852826,0.8101045852538732,0.9139905750126518,1
purity_recovery,89,0.5376124455727276,0.776671712943478,1.9999933426064027,54.997486076533285,5.737971924239992,24.99294770142499,0,0.03125334837722142,0.0,1,0.6572821202238024,0.8957443949857661,0.22792202961029925,2104.84938657397,3.3232210251503043,0.8957443949857661,0.6572821202238024,1
purity_recovery,90,0.5000447465652053,0.7874341759596675,1.9999628700531833,54.994287428483375,5.012427466279879,24.99816301155468,0,0.01779504780737832,0.0,1,0.6665155179647907,0.8948320829088726,0.21513631411182282,2218.5007002382386,3.3460595701314806,0.8948320829088726,0.6665155179647907,1
purity_recovery,91,0.5067457122983293,0.6081885820810856,1.9999895424600302,54.99978909823564,5.532012280998873,24.999475501203307,0,0.032673881690115716,0.0,1,0.859727076853882,0.847444148031779,0.28167167092785966,1630.1224435449296,3.2122202268326263,0.847444148031779,0.859727076853882,1
purity_recovery,92,0.5019808002968684,0.49147505803670677,1.9999995835750815,54.996482657151034,5.461748640496727,24.999719033147784,0,0.017729999582356125,0.0,1,0.9235273232326249,0.7970255206943844,0.2996915464987265,1482.3446163469625,3.1709491804175403,0.7970255206943844,0.9235273232326249,1
purity_recovery,93,0.5111923954834778,0.5308182824394103,1.99998905540125,54.99593853307715,5.644612062562776,24.986809451868496,0,0.02424285282796828,0.0,1,0.9060095768944206,0.8172876321970935,0.29951961458908477,1505.428132412997,3.1776600275728177,0.8172876321970935,0.9060095768944206,1
purity_recovery,94,0.5002103073907305,0.604263945404077,1.999973024402192,54.989072017381794,5.006160888249294,24.961329982505646,0,0.02804186292794221,0.0,1,0.8673614958562312,0.8442934462532946,0.2801477300949042,1642.2991862514189,3.2154522776932084,0.8442934462532946,0.8673614958562312,1
purity_recovery,95,0.5912595560506118,0.8495565774871014,1.999911681971403,54.999109711575294,13.39224082918456,24.999345865944207,0,0.017607890118168497,0.0,1,0.43338286347257327,0.9159952089167035,0.171068914006318,2744.6676675042077,3.4384897663064424,0.9159952089167035,0.43338286347257327,1
purity_recovery,96,0.5043415713828575,0.7569788529340074,1.99998947732078,54.99750097196714,5.509744272496776,24.999846762593915,0,0.018688312733462026,0.0,1,0.701374238098617,0.8894094673636885,0.22864234902424885,2067.553287605069,3.31545671155692,0.8894094673636885,0.701374238098617,1
purity_recovery,97,0.7363162165489527,0.8491862963218737,1.999999991852826,54.99824654582812,5.050013863678554,24.999703233505493,0,0.041126946630056255,0.0,1,0.47684209537953925,0.913653402906041,0.22532193891787045,2326.2401521340144,3.3666545476077503,0.913653402906041,0.47684209537953925,1
purity_recovery,98,0.6443302570808693,0.8498048422501374,1.9973891174176672,54.99996620637366,13.455382648662777,24.751649348563614,0,0.017420750782225037,0.0,1,0.4060883991181281,0.9175277859844884,0.17504166884425615,2741.4044366162534,3.437973111290592,0.9175277859844884,0.4060883991181281,1
purity_recovery,99,0.5004596421863713,0.7576456703449999,1.9999889088211231,54.99585487579148,5.247482266242838,24.996465334950415,0,0.02614751400506435,0.0,1,0.7050642607665717,0.8889316444352501,0.227966236195965,2076.756285558383,3.3173855335849405,0.8889316444352501,0.7050642607665717,1
purity_recovery,100,0.5008798588361804,0.7284273843970384,1.9881153762752501,54.99868398381685,5.03090982650429,24.99756557386197,0,0.022706542329736734,0.0,1,0.7419972306611797,0.8819878731071372,0.2398842267146486,1961.272064416357,3.2925378424587883,0.8819878731071372,0.7419972306611797,1
purity_recovery,101,0.5087900401508465,0.4524395613656982,1.9998238718667758,54.99843146908226,5.003260475530281,24.963052624899312,0,0.01853563186699844,0.0,1,0.9326400015581008,0.7765173622457805,0.3061536927343499,1442.1609191031012,3.1590137225050063,0.7765173622457805,0.9326400015581008,1
purity_recovery,102,0.5026905314126328,0.6607500502541998,1.9999955186890332,54.98806458484475,5.92592954820749,24.957641121086645,0,0.027273336412425367,0.0,1,0.8115425462906485,0.8650486345627879,0.2643840178987188,1745.3700940093327,3.241887530288894,0.8650486345627879,0.8115425462906485,1
purity_recovery,103,0.5006509712885644,0.7037353531463184,1.9949637389647354,54.988127321733344,5.007000733274252,24.999898294082428,0,0.021308147815541023,0.0,1,0.7735999208918105,0.8755085347964909,0.24999200261296403,1876.3420155520753,3.2733120035146914,0.8755085347964909,0.7735999208918105,1
purity_recovery,104,0.6388135195983738,0.8498844758624942,1.9948236690800516,54.993949530346015,13.177330015834574,24.999408398115822,0,0.016993483868557722,0.0,1,0.41318156438440357,0.9171159659466182,0.175904166272696,2724.93876823854,3.4353567477448093,0.9171159659466182,0.41318156438440357,1
purity_recovery,105,0.500050507072525,0.4524395613656982,1.999993605698087,54.97474993411352,6.4618873109763,24.963052624899312,0,0.020061876403636963,0.0,1,0.932230285351522,0.7786466104791527,0.3028378497051569,1431.2576644883695,3.1557178253685696,0.7786466104791527,0.932230285351522,1
purity_recovery,106,0.5874182285104192,0.8466632343560813,1.9969641104710265,54.9890908247357,5.224877719819211,24.999835682692076,0,0.02425189256324823,0.0,1,0.535907299076093,0.9094590762486773,0.20212819016537825,2451.2597476478923,3.3893893336891088,0.9094590762486773,0.535907299076093,1
purity_recovery,107,0.5001238441621613,0.4660645612343972,1.9999376635215258,54.999863159328214,5.073338561112158,24.997745092719803,0,0.01693101545251539,0.0,1,0.9308523647882396,0.7826845405050191,0.3004814247978071,1469.423720826597,3.1671470463569666,0.7826845405050191,0.9308523647882396,1
purity_recovery,108,0.5042189161354128,0.6216732822827176,1.9999895415227922,54.99472170073774,5.027195152675894,24.992721721891705,0,0.02550472289362067,0.0,1,0.852938434421494,0.8508917792609935,0.2775505738654393,1666.438259093019,3.2217892278483804,0.8508917792609935,0.852938434421494,1
purity_recovery,109,0.5001778574027771,0.8454073650608399,1.9999993937929121,54.994822718270854,5.043499436563758,24.92448139329461,0,0.02942353761740953,0.0,1,0.5757679758395123,0.9054339271175216,0.18598292110429365,2588.0882179285327,3.4129790756699996,0.9054339271175216,0.5757679758395123,1
purity_recovery,110,0.500072388269206,0.6001244119059974,1.9999867848789576,54.996187546888095,5.235783154308892,24.99986980287888,0,0.025388334008762524,0.0,1,0.8693596636707919,0.8432210459798364,0.28087674625830533,1632.063820220459,3.2127371374004734,0.8432210459798364,0.8693596636707919,1
purity_recovery,111,0.505079020891163,0.4956967840917853,1.9999950278523873,54.994405228266984,5.616606141957378,24.99945684983477,0,0.016519909508807253,0.0,1,0.9214165683538205,0.7999252111246069,0.3010017595520165,1477.9867552138642,3.1696705422027134,0.7999252111246069,0.9214165683538205,1
purity_recovery,112,0.502385646803641,0.6970089106872184,1.9999870227463192,54.999981155228866,5.072876700507459,24.9993335506459,0,0.01647375154669605,0.0,1,0.7809840384818182,0.8739158430159507,0.25330874551477955,1851.7490868000884,3.2675821391490514,0.8739158430159507,0.7809840384818182,1
purity_recovery,113,0.6506835423615766,0.8498048422501374,1.9973891174176672,54.99994632720412,13.240037490458572,24.75406593803184,0,0.016445001395208037,0.0,1,0.4054001973076596,0.9175698001012199,0.1762817619263578,2733.832138281249,3.4367718446662354,0.9175698001012199,0.4054001973076596,1
purity_recovery,114,0.5000016432565155,0.4524395613656982,1.9998292121308647,54.99843146908226,5.002401022741988,24.963052624899312,0,0.025457396282249377,0.0,1,0.9333216940319949,0.7751199678599692,0.3012218359359356,1459.1762964547288,3.164107766158049,0.7751199678599692,0.9333216940319949,1
purity_recovery,115,0.5893596145077385,0.8488784486051668,1.9998717402173822,54.99563433965157,5.301013518273408,24.999838303786998,0,0.020376806248336116,0.0,1,0.5313925374402979,0.9099337212809424,0.20115747700637743,2465.5391736597826,3.391911907199391,0.9099337212809424,0.5313925374402979,1
purity_recovery,116,0.5006522974079951,0.5156328289392096,1.9998123844833375,54.99760278788108,5.000806476293231,24.95258142062812,0,0.01649794102534478,0.0,1,0.9161287787093124,0.8075006527584621,0.29609449220158934,1518.19526631723,3.1813276329759734,0.8075006527584621,0.9161287787093124,1
purity_recovery,117,0.5042335109472257,0.6160487750208651,1.9996866648100133,54.99472170073774,5.027195152675894,24.992721721891705,0,0.02688680495027896,0.0,1,0.8573451442005868,0.8489449708112963,0.27898769707557075,1655.7099897549501,3.2189842691161226,0.8489449708112963,0.8573451442005868,1
purity_recovery,118,0.501857764948025,0.4806430032775323,1.994929933092617,54.995132032739605,5.033341723631136,24.981083056259298,0,0.015962196109116117,0.0,1,0.9268895948235388,0.7905472337459644,0.3001692497526578,1478.1496037858606,3.1697183913055196,0.7905472337459644,0.9268895948235388,1
purity_recovery,119,0.5179284664554593,0.8077032967835001,1.9996814450290723,54.9955232772155,5.027499798960824,24.999844713246432,0,0.02878511258357884,0.0,1,0.6290930198993019,0.8997206688014466,0.20990309482530203,2296.6177861208753,3.361088723888739,0.8997206688014466,0.6290930198993019,1
purity_recovery,120,0.5006608990022382,0.657408290024373,1.9999489733624234,54.989238986450445,5.001324834445458,24.986108509599536,0,0.02515524447071816,0.0,1,0.8229281569830452,0.8621595724189994,0.2659872402770389,1749.7082675230436,3.242965643905357,0.8621595724189994,0.8229281569830452,1
purity_recovery,121,0.5874182285104192,0.843970680511489,1.9998894235543387,54.99563433965157,5.224207462420486,24.999838303786998,0,0.019315437159079116,0.0,1,0.5412707047716987,0.9090401911341424,0.2041600698439242,2428.5044894529615,3.385338910667958,0.9090401911341424,0.5412707047716987,1
purity_recovery,122,0.7330765758082258,0.8497921386449758,1.9999999290483244,54.99570491972491,6.114856463010023,24.748441101462696,0,0.015706618656043607,0.0,1,0.45644953911061337,0.9148301869906912,0.21653464924118254,2405.0170620251724,3.381118161756461,0.9148301869906912,0.45644953911061337,1
purity_recovery,123,0.5000447465652053,0.7849916283649148,1.9999628700531833,54.999682948216105,5.056648692840054,24.99815698102362,0,0.01568568229739745,0.0,1,0.6694008608770445,0.8944186642753558,0.21610556042717433,2206.5003295658535,3.3437039966500235,0.8944186642753558,0.6694008608770445,1
purity_recovery,124,0.5051854053247503,0.7200890654073733,1.9999995293030983,54.983699947818806,5.21921824254557,24.99661567849934,0,0.01566949975538446,0.0,1,0.7517939688954641,0.8803265329239216,0.24523290156097155,1920.488749118793,3.283411767262748,0.8803265329239216,0.7517939688954641,1
purity_recovery,125,0.5069502339724041,0.6414866587368822,1.9999992633000288,54.994210192226845,5.148261674197715,24.998925017844215,0,0.02469286849285386,0.0,1,0.8345050467943838,0.857977942709531,0.2730751989600206,1700.527913115697,3.230583765003012,0.857977942709531,0.8345050467943838,1
purity_recovery,126,0.5037040952422354,0.7367951766527594,1.9999849163445766,54.99721251745362,5.0276714581886655,24.991567958263154,0,0.015478595361993627,0.0,1,0.7335454944161754,0.8840368595319494,0.2384734277924132,1984.6239049083365,3.2976782181528086,0.8840368595319494,0.7335454944161754,1
purity_recovery,127,0.501857764948025,0.4806430032775323,1.9998598648100108,54.99702825666551,5.033341723631136,24.767962680523464,0,0.015373894712836981,0.0,1,0.9263632300623784,0.7907256285805444,0.30070590755000165,1478.7922535563268,3.1699071669169245,0.7907256285805444,0.9263632300623784,1
purity_recovery,128,0.505348574973952,0.6731310662563872,1.9999999250158642,54.99957677943285,5.001795327282473,24.997479404377355,0,0.028538330536329135,0.0,1,0.8059536920959008,0.8673039789404784,0.2628038426604038,1780.0212932563265,3.2504251975271035,0.8673039789404784,0.8059536920959008,1
purity_recovery,129,0.5006290931612116,0.661487260601234,1.999995894431689,54.63576633776056,5.250638320205265,24.990343066049455,0,0.02339142174998054,0.0,1,0.8193059370585086,0.8626693781194598,0.26449364398461495,1754.3017512632364,3.244104296918992,0.8626693781194598,0.8193059370585086,1
purity_recovery,130,0.5013083080751465,0.5658419753205793,1.999860222432083,54.992170307635774,5.528642799711863,24.99991928448653,0,0.01526011875531139,0.0,1,0.890082861813979,0.8306977012655287,0.2885777093886136,1571.4196537311632,3.196292180559936,0.8306977012655287,0.890082861813979,1
purity_recovery,131,0.5131739316931738,0.5642328380681664,1.9952511280852354,54.992170307635774,5.172599538515436,24.99991928448653,0,0.01524489096045979,0.0,1,0.8891328112238314,0.8307058829743181,0.29436538510709886,1552.2109108737138,3.1909507318740515,0.8307058829743181,0.8891328112238314,1
purity_recovery,132,0.5037040952422354,0.5842917240993003,1.9999293696267757,54.99700699927554,5.027863765881285,24.997748962762643,0,0.02468526110043457,0.0,1,0.8802960401504316,0.8372111911741988,0.286136828706039,1602.3887288149726,3.2047678814735643,0.8372111911741988,0.8802960401504316,1
purity_recovery,133,0.5013581000009036,0.4524395613656982,1.9998292121308647,54.99843146908226,5.935645279065689,24.963052624899312,0,0.01509121854990492,0.0,1,0.9325737335316423,0.7776680853471467,0.30303303989448027,1438.6685407425296,3.1579607470235618,0.7776680853471467,0.9325737335316423,1
purity_recovery,134,0.5019808002968684,0.49147505803670677,1.999999994553645,54.996482657151034,5.461748640496727,24.787767702113708,0,0.015029082841911312,0.0,1,0.922593127939334,0.7972639173559134,0.3000529654138188,1481.5107045552638,3.170704793792774,0.7972639173559134,0.922593127939334,1
purity_recovery,135,0.5051854053247503,0.724038418420673,1.9999995293030983,54.98343764189596,5.025005777516469,24.996584264150613,0,0.022379172449126544,0.0,1,0.7490317714156141,0.8809955077943721,0.24415682302780115,1934.6364408526267,3.2865993638943514,0.8809955077943721,0.7490317714156141,1
purity_recovery,136,0.500164206008157,0.8307760663357586,1.9996855628244457,54.999808361258445,5.0179366547590405,24.39904408189635,0,0.022355115580428048,0.0,1,0.5915030330463484,0.9034921415536795,0.1920265785151653,2509.542411907003,3.3995945397676404,0.9034921415536795,0.5915030330463484,1
purity_recovery,137,0.5070237823501257,0.7966864760885735,1.999990052561362,54.99412782489432,5.143828676748963,24.998160419454862,0,0.01469829319818498,0.0,1,0.6484474314993766,0.8972245507015809,0.21213328724932617,2256.309521948023,3.35339867618607,0.8972245507015809,0.6484474314993766,1
purity_recovery,138,0.5001506364767319,0.6300780383948617,1.9995835125064398,54.986188297129374,5.465083773579761,24.99863579368563,0,0.02929983494605881,0.0,1,0.8443947141256125,0.8541822805477359,0.27311361222414254,1685.064973242252,3.2266166511875145,0.8541822805477359,0.8443947141256125,1
purity_recovery,139,0.5000688869165832,0.5162959167999934,1.9999994025039611,54.99950529717183,5.0470201199332045,24.95258142062812,0,0.021477961654147535,0.0,1,0.9158699173774942,0.8078491550707174,0.2957404969254496,1519.282686427169,3.1816385886969893,0.8078491550707174,0.9158699173774942,1
purity_recovery,140,0.50664161907945,0.6345860556226162,1.9999993631328947,54.999893356122726,5.053994017993206,24.99750285228592,0,0.025507365306678565,0.0,1,0.8412768781614945,0.8555392903417002,0.2750399391855932,1687.5338834108707,3.2272525016397355,0.8555392903417002,0.8412768781614945,1
purity_recovery,141,0.5454931303739453,0.8498923823768374,1.9999999302909184,54.99788156023976,5.254308905858528,24.975803231162736,0,0.014376923863689406,0.0,1,0.5478992584751405,0.9083953484685743,0.19231799436571442,2539.475155370062,3.4047439683209593,0.9083953484685743,0.5478992584751405,1
purity_recovery,142,0.5008798588361804,0.7284273843970384,1.9999873760424833,54.99578563901501,5.030931673670177,24.99756557386197,0,0.019667592196495793,0.0,1,0.7451248008915873,0.8818218589469335,0.24094719154545596,1958.6523571785679,3.2919573595491243,0.8818218589469335,0.7451248008915873,1
purity_recovery,143,0.5407660463531927,0.6731310662563872,1.9999993715695692,54.99954653378175,5.001795327282473,24.999980897999663,0,0.016174781500078214,0.0,1,0.7932742048322431,0.8701000162456017,0.27597999613674673,1720.1669861096045,3.235570608317914,0.8701000162456017,0.7932742048322431,1
purity_recovery,144,0.5004979085748461,0.5882083240686019,1.9783482687300804,54.998324666687964,5.027863765881285,24.99855296041539,0,0.026698983385980424,0.0,1,0.8755998753748981,0.8386851652148682,0.28277687515668837,1610.671080645906,3.2070068610615836,0.8386851652148682,0.8755998753748981,1
purity_recovery,145,0.5001233440719386,0.5010344403619539,1.9998044738912222,54.99752304843243,5.807915049152926,24.931915506002056,0,0.014277062808157385,0.0,1,0.919597219986467,0.8023858042787694,0.2980163127349427,1489.0202416962827,3.1729006015784007,0.8023858042787694,0.919597219986467,1
purity_recovery,146,0.5046444342532379,0.5910421760749676,1.9999993414936377,54.995637442477324,5.027195152675894,24.997869235906236,0,0.014146869895844377,0.0,1,0.87557443973651,0.8398822245438564,0.28511306972106387,1611.4356504233322,3.207212967481583,0.8398822245438564,0.87557443973651,1
purity_recovery,147,0.5984441477200881,0.8445796583716613,1.9999854390911023,54.99968679155924,5.765487551090853,24.99929874628048,0,0.013992022111422194,0.0,1,0.5272449293273385,0.9101104068002464,0.20301614118125397,2440.8531438552395,3.3875416504815394,0.9101104068002464,0.5272449293273385,1
purity_recovery,148,0.7177004061491858,0.8497921386449758,1.9999999290483244,54.99570491972491,6.114856463010023,24.748441101462696,0,0.028161126044290934,0.0,1,0.4622442424832369,0.9145291190937889,0.21462689665716247,2412.43534075541,3.3824556820036236,0.9145291190937889,0.4622442424832369,1
purity_recovery,149,0.5010928614492498,0.5836797355034296,1.9999998342404957,54.99998731484191,5.001336658842072,24.99953031310806,0,0.01806695739534418,0.0,1,0.8815032995471962,0.8366373201350414,0.28507449772353416,1606.6996732328835,3.205934705358815,0.8366373201350414,0.8815032995471962,1
purity_recovery,150,0.5001660003556095,0.4660645612343972,1.9999820896634868,54.999863159328214,5.073338561112158,24.997745092719803,0,0.046460680115877784,0.0,1,0.9308511430933437,0.782690522514685,0.3005059466373068,1469.3583270045722,3.1671277185023667,0.782690522514685,0.9308511430933437,1
purity_recovery,151,0.5258244119730046,0.8077032967835001,1.9996814450290723,54.9955232772155,5.027499798960824,24.999844713246432,0,0.023477405793472173,0.0,1,0.6258986431369078,0.9001216112421923,0.2118680357750086,2282.0468026932895,3.3583245471562524,0.9001216112421923,0.6258986431369078,1
purity_recovery,152,0.5001233440719386,0.5016975282227377,1.9999973871768357,54.99518817090177,5.807915049152926,24.931915506002056,0,0.015787371446594412,0.0,1,0.9193816566601953,0.8026955569619613,0.29794377650001075,1489.7790552072615,3.173121864238213,0.8026955569619613,0.9193816566601953,1
purity_recovery,153,0.7367352142528407,0.8497921386449758,1.9999999261201677,54.99570491972491,6.114856463010023,24.748441101462696,0,0.013685728461273292,0.0,1,0.4550851446040132,0.9148989788001126,0.2169783346780641,2403.387859003041,3.3808238629521346,0.9148989788001126,0.4550851446040132,1
purity_recovery,154,0.5005376725885102,0.6970089106872184,1.9999876542046384,54.999981155228866,5.037512373659022,24.98691892921626,0,0.021980621175666133,0.0,1,0.7818620635438565,0.8737271462720905,0.2527111461663305,1855.5642072932492,3.2684759866506905,0.8737271462720905,0.7818620635438565,1
purity_recovery,155,0.5055995633861284,0.5339138773263045,1.9998496145795865,54.99956438511889,5.0073349372366485,24.999459297848038,0,0.0286103497035135,0.0,1,0.9077902616149387,0.8164866387026868,0.2960783242966966,1529.9246123633043,3.1846700313135097,0.8164866387026868,0.9077902616149387,1
purity_recovery,156,0.5874182285104192,0.8417343665341229,1.9969380650444366,54.99563433965157,5.224207462420486,24.999838303786998,0,0.01657844709569106,0.0,1,0.5436922175754529,0.9087247855252726,0.20506131529414845,2415.4278140823385,3.3829940629717172,0.9087247855252726,0.5436922175754529,1
purity_recovery,157,0.5009566047034528,0.6828014818915602,1.9999993715695692,54.99983948594776,5.001795327282473,24.999349558869532,0,0.013527553594280288,0.0,1,0.7975129587937639,0.869733675581363,0.257905814080969,1813.9835380447055,3.2586333415064437,0.869733675581363,0.7975129587937639,1
purity_recovery,158,0.5994819858776163,0.8445796583716613,1.9999854390911023,54.99968679155924,5.882255446237621,24.99929874628048,0,0.01379561068857626,0.0,1,0.5250200423240874,0.9102646006818941,0.20260937515057503,2444.310504510885,3.388156374168796,0.9102646006818941,0.5250200423240874,1
purity_recovery,159,0.5310880622225064,0.6300780383948617,1.9995700438161779,54.9779498070084,5.006264621352677,24.998643934094535,0,0.013510546217897164,0.0,1,0.8376845397781865,0.8561310133095809,0.2864288228315128,1636.643695356811,3.213954141853536,0.8561310133095809,0.8376845397781865,1
purity_recovery,160,0.5023604381098264,0.508265060410404,1.9999975954280673,54.99977974050959,5.105850157466411,24.99775381563068,0,0.02468096538046333,0.0,1,0.9185612981982701,0.8044467402766852,0.2978529304349093,1505.2923936726586,3.177620867122395,0.8044467402766852,0.9185612981982701,1
productivity_energy,1,0.9999999284312571,0.3500000123037489,1.808457065307723,54.63773470523008,5.000039117195177,22.130668796810244,0,inf,0.0,1,0.8351371633712885,0.787024345757446,0.552161344,936.1899300794053,2.9713639654236945,0.552161344,-2.9713639654236945,1
productivity_energy,2,0.9999999468064557,0.3500000129838651,1.8729028844572924,46.24598558532753,14.025314344208672,24.999304896572585,0,inf,0.0,1,0.8256525017994225,0.7698937079926107,0.5319383941138367,913.4047415000001,2.96066326170709,0.5319383941138367,-2.96066326170709,1
productivity_energy,3,0.9999998721586867,0.35000087134262464,1.8933712581809725,48.186692675221025,13.914851936527736,24.99702351718588,0,0.042142531773587164,0.0,1,0.8254291672299912,0.7783894493895841,0.536439279290383,919.7974114017567,2.963692182998929,0.536439279290383,-2.963692182998929,1
productivity_energy,4,0.9999998335643874,0.35000000306920925,1.8760753930431473,46.746232064222866,14.302643433855593,24.999348780063336,0,0.03852809250105951,0.0,1,0.8237593396051996,0.7729438366984197,0.5325181515330225,914.1726829851466,2.961028239698812,0.5325181515330225,-2.961028239698812,1
productivity_energy,5,0.9999998260890821,0.3500036120707961,1.8826468497169127,47.19321269414777,14.01457089267766,24.99814174249844,0,0.03796806554489151,0.0,1,0.8252864885219734,0.7742126966144303,0.5340881571215328,916.3790646275293,2.9620751588449483,0.5340881571215328,-2.9620751588449483,1
productivity_energy,6,0.9999931490024776,0.3500004954438403,1.904635320911784,50.582655509021784,12.578442252379451,24.10242691684013,0,0.03755970606662543,0.0,1,0.8242312265320808,0.7859383742426491,0.5439438905509373,930.8520114944133,2.968880641561346,0.5439438905509373,-2.968880641561346,1
productivity_energy,7,0.9999972727696183,0.35000010002570314,1.8050312432243434,54.77415778334818,5.087529241147573,22.28667192229486,0,0.03578869280726696,0.0,1,0.8346962442251067,0.7875898014797715,0.5513934025304135,935.8487349975417,2.9712056576432935,0.5513934025304135,-2.9712056576432935,1
productivity_energy,8,0.9999987065053049,0.35000008022076773,1.7757718992099272,54.06621288790609,5.030508037209896,22.472966133306382,0,0.035612505059168256,0.0,1,0.8328419021045845,0.784354478741897,0.5472976961559267,933.8189302347595,2.9702626736354447,0.5472976961559267,-2.9702626736354447,1
productivity_energy,9,0.9999997880956628,0.3500005943295559,1.9029672567238367,49.65082006182153,13.429109418090697,24.534549567912784,0,0.05917616848788662,0.0,1,0.8238376196886196,0.7837996537996914,0.540721936366971,926.2629312149504,2.9667342840546946,0.540721936366971,-2.9667342840546946,1
productivity_energy,10,0.9999998638557851,0.3500005166262522,1.8908336386646907,48.16149902102267,13.889844999761298,24.997383590059812,0,0.03467258227271868,0.0,1,0.8253049358799748,0.7782067830618663,0.5362178867760933,919.4656762454244,2.9635355216160324,0.5362178867760933,-2.9635355216160324,1
productivity_energy,11,0.9999987065053049,0.35000001624803784,1.775723293378154,54.06621288790609,5.027918666857958,22.36891233718737,0,0.03443084865804603,0.0,1,0.832235291485329,0.7844518136420882,0.5475723651031369,933.971261658159,2.9703335131730295,0.5475723651031369,-2.9703335131730295,1
productivity_energy,12,0.9999998193390985,0.3500000041394862,1.88395051974761,47.609769465620474,13.906837087762204,24.938084076305167,0,0.03435778647374715,0.0,1,0.824949990911345,0.7758350101478636,0.5350289016638906,917.7817946557681,2.96273943867248,0.5350289016638906,-2.96273943867248,1
productivity_energy,13,0.9999997880956628,0.3500000042292672,1.9069232123544313,49.65921296551225,13.548168291228132,24.521238633097035,0,0.03431643163783366,0.0,1,0.8235953075166046,0.7841528756560642,0.5409494307634904,926.6194092217668,2.96690139281256,0.5409494307634904,-2.96690139281256,1
productivity_energy,14,0.9999997359599615,0.3500000129838651,1.8764645346672557,47.17686963400252,14.088620459958749,24.999306699750242,0,0.04518794166521821,0.0,1,0.824207480350335,0.7743171182178316,0.533415780867379,915.4173093011722,2.9616191200892192,0.533415780867379,-2.9616191200892192,1
productivity_energy,15,0.9999998369567458,0.35000000219853344,1.8981880353712501,49.563559804526136,13.832017922789957,24.73657094542355,0,0.03241506910776876,0.0,1,0.8225876018051049,0.7842868826334641,0.5391731535176446,924.038657671326,2.9656901405514384,0.5391731535176446,-2.9656901405514384,1
productivity_energy,16,0.9999996889580165,0.3500000478799278,1.7943935609417059,54.62858950025024,5.002765519303964,22.585321750105884,0,0.03225569774361655,0.0,1,0.835528497505941,0.7865079868542878,0.5494361619271253,934.8636877575653,2.9707482911180376,0.5494361619271253,-2.9707482911180376,1
productivity_energy,17,0.9999998219207726,0.3500000041394862,1.88395051974761,47.234502973106665,14.00063776473903,24.998913750905313,0,0.03202053547123915,0.0,1,0.8254501221989599,0.7743624962459718,0.5342752405015396,916.6447952050232,2.9622010768177756,0.5342752405015396,-2.9622010768177756,1
productivity_energy,18,0.9999997888532541,0.35000000367860357,1.886984001931129,47.38770538531942,13.898711516348477,24.999346308988905,0,0.031873773470830515,0.0,1,0.8260831824057211,0.7747865399326008,0.5348772504671683,917.5320164048366,2.9626212274803723,0.5348772504671683,-2.9626212274803723,1
productivity_energy,19,0.9999931570487853,0.3500001657808765,1.89971097285621,50.70201048236822,12.141804247365776,23.53757790610986,0,0.03159683974551825,0.0,1,0.8221416193990894,0.7858317196256296,0.5453275818539032,932.6440412423024,2.9697159198219873,0.5453275818539032,-2.9697159198219873,1
productivity_energy,20,0.9999999837714807,0.35000000713050566,1.9047490103972904,49.56381470199526,13.895971310113058,24.743972814324582,0,0.031170571250166573,0.0,1,0.8230835103541492,0.7844620091536366,0.5396556711171885,924.7579260757658,2.9660280623299204,0.5396556711171885,-2.9660280623299204,1
productivity_energy,21,0.9999992788621437,0.3500012864600952,1.7837283260257129,54.02601897965364,5.169100259830878,22.555293939995096,0,0.03097098352287469,0.0,1,0.8338602598835411,0.7844305082267737,0.5477601345381053,934.0850362093938,2.97038641485474,0.5477601345381053,-2.97038641485474,1
productivity_energy,22,0.9999997854003482,0.35000008012229966,1.7757940835074082,54.2786185051823,5.001340601622939,22.758895303706133,0,0.030578848116789147,0.0,1,0.8342436023780724,0.784877909371984,0.5467200488578832,933.5473250693035,2.9701363388844437,0.5467200488578832,-2.9701363388844437,1
productivity_energy,23,0.9999956965809614,0.35000000972800327,1.9053925359286472,50.19929670385491,12.47176314675712,23.896893888916367,0,0.030357396069254076,0.0,1,0.8242338353151496,0.7842462054243996,0.5441748371119923,931.1680182157191,2.9690280513361444,0.5441748371119923,-2.9690280513361444,1
productivity_energy,24,0.9999999456488218,0.3500002012804925,1.8997898876526031,49.56381470199526,14.02565143921559,24.74351013848921,0,0.030224177900636345,0.0,1,0.821828484692596,0.7847756583815414,0.5390089763826843,923.8855464338935,2.9656181729182003,0.5390089763826843,-2.9656181729182003,1
productivity_energy,25,0.9999999622257685,0.35000009559196166,1.8899795777510235,47.502175017869696,14.393154871485091,24.998057762163302,0,0.030059440054371202,0.0,1,0.8236858471541282,0.7766198875103631,0.5345946524843952,917.1711514778737,2.962450386058984,0.5345946524843952,-2.962450386058984,1
productivity_energy,26,0.9999932915116294,0.3500000001523086,1.8856467399828543,47.63803604118429,14.128165548961643,24.99763037063682,0,0.029939560652335623,0.0,1,0.8243265233016234,0.7765082430550835,0.5347686652539791,917.3521169014508,2.962536067485308,0.5347686652539791,-2.962536067485308,1
productivity_energy,27,0.9999998858887844,0.3500008444315925,1.905246049538971,50.515515916947116,12.473390748220963,23.96164498922171,0,0.029386732318946843,0.0,1,0.8240840309579899,0.785519312462704,0.5443635061165195,931.4050315389292,2.9691385797033156,0.5443635061165195,-2.9691385797033156,1
productivity_energy,28,0.9999971482340914,0.35000420395398724,1.8902107265096966,47.53456415364192,13.891242566478338,24.99940089481106,0,0.029277751119889308,0.0,1,0.8262556886875658,0.775433638375771,0.5353585259078372,918.243014683381,2.962957633237314,0.5353585259078372,-2.962957633237314,1
productivity_energy,29,0.9999997854003482,0.35000007293116076,1.7757940835074082,54.04584304826558,5.040888582749684,22.758895303706133,0,0.029154113433555992,0.0,1,0.8344883214638237,0.784014964498575,0.5465005717085751,933.4491788250148,2.9700906779822787,0.5465005717085751,-2.9700906779822787,1
productivity_energy,30,0.9999998369567458,0.3500000021162846,1.8974187247465006,50.49344186493969,12.46167941309941,23.90379506396744,0,0.028777268643284174,0.0,1,0.8228430870607732,0.7854254203421988,0.5437371320544524,930.5575913468367,2.968743256381507,0.5437371320544524,-2.968743256381507,1
productivity_energy,31,0.9999985158619189,0.3500000181872607,1.8886902682789373,48.12455075048607,13.881367737252788,24.99708442567318,0,0.028539528709561855,0.0,1,0.8251561621381334,0.7780167892726569,0.5359943261221114,919.1358425710533,2.9633797021578236,0.5359943261221114,-2.9633797021578236,1
productivity_energy,32,0.9999997981686769,0.3500009254254829,1.9067831053364555,50.211849937168786,13.058360370968511,24.158713414921294,0,0.028507472632077896,0.0,1,0.82294196584378,0.785527833712018,0.5429839470690315,929.5203131613724,2.968258885014318,0.5429839470690315,-2.968258885014318,1
productivity_energy,33,0.9999998193390985,0.3500000041394862,1.88395051974761,47.28650913359684,13.885761941749905,24.999786560015608,0,0.0280906950257028,0.0,1,0.82596472992551,0.7742897012651231,0.5344944775938625,916.9792178547101,2.9623594930601005,0.5344944775938625,-2.9623594930601005,1
productivity_energy,34,0.9999996669518896,0.35000007768967656,1.9048638220027119,50.32065658012038,12.899802467931853,24.28430654534501,0,0.02781018032865163,0.0,1,0.824149017677037,0.7854914605623455,0.5428801714789794,929.3723232339155,2.9681897350185094,0.5428801714789794,-2.9681897350185094,1
productivity_energy,35,0.9999999693001222,0.3500000046519397,1.796960618809908,54.69792046293465,5.001745896911967,22.34402279065972,0,0.039166823905376014,0.0,1,0.8344138069361375,0.7870253455604911,0.5504176957612739,935.3238959368059,2.9709620299734847,0.5504176957612739,-2.9709620299734847,1
productivity_energy,36,0.9999998789289875,0.35000130599059265,1.9029672567238367,50.21762741117475,13.82497256911719,24.790080796225773,0,0.02764811773717818,0.0,1,0.8224557178883988,0.7869791284954343,0.5401922381553799,925.6471053944674,2.966445447383128,0.5401922381553799,-2.966445447383128,1
productivity_energy,37,0.9999997995463137,0.35000003095683996,1.8768974843958293,47.32960596760675,14.121930412736786,24.999830447054794,0,0.027611428400275456,0.0,1,0.8238377661296655,0.7750917887133482,0.5336031750397492,915.6871812252209,2.961747134507719,0.5336031750397492,-2.961747134507719,1
productivity_energy,38,0.9999999881931941,0.3500000377270313,1.798353172928064,54.84602133012367,5.000713343968577,22.53781201286632,0,0.027564743906914997,0.0,1,0.8354603784064285,0.7874295023788155,0.5501419458691144,935.2103581478575,2.970909308313691,0.5501419458691144,-2.970909308313691,1
productivity_energy,39,0.9999999176561831,0.35000190193258435,1.9048638220027119,49.52100990496834,12.899802467931853,24.282082021494638,0,0.027428758308052376,0.0,1,0.8254596673883029,0.7821224243864648,0.5420033160137234,928.19034688732,2.9676370474752005,0.5420033160137234,-2.9676370474752005,1
productivity_energy,40,0.9999995369327431,0.3500000197179723,1.7649474807193797,53.91289584861098,5.0204431530768066,22.563259534313246,0,0.027324959413111166,0.0,1,0.8319633442908385,0.7835893542167471,0.5457677833592964,933.0788194878008,2.9699183312307382,0.5457677833592964,-2.9699183312307382,1
productivity_energy,41,0.9999999284312571,0.3500000123037489,1.808457065307723,54.63773470523008,5.000039117195177,22.298784860294422,0,0.027112726601898406,0.0,1,0.8361131674399523,0.7868559001794263,0.5517075573534991,935.9627678313968,2.9712585730468857,0.5517075573534991,-2.9712585730468857,1
productivity_energy,42,0.99999981909187,0.35000002445322836,1.8766358245524708,47.32869476507979,13.97256909741076,24.999645129933622,0,0.026752846406543386,0.0,1,0.8245799678241691,0.7746906928258377,0.5337852554810838,915.9471929270202,2.961870436024303,0.5337852554810838,-2.961870436024303,1
productivity_energy,43,0.9999997981686769,0.3500009254254829,1.9067831053364555,50.211849937168786,12.945543309190615,24.158713414921294,0,0.026566698099768,0.0,1,0.8235331058753264,0.785251340742704,0.5431409267100049,929.7299253672154,2.968356809890525,0.5431409267100049,-2.968356809890525,1
productivity_energy,44,0.9999982143372408,0.35000420395398724,1.8952397707131272,47.53456415364192,13.891242566478338,24.99940089481106,0,0.02622634591027148,0.0,1,0.8268313740849338,0.7754460097083486,0.5357954314081137,918.9251242346718,2.9632801256880765,0.5357954314081137,-2.9632801256880765,1
productivity_energy,45,0.9999998565075117,0.3500012323724165,1.9000516844125657,49.46567826149397,13.569978918865143,24.851047621793352,0,0.02589967148541471,0.0,1,0.8250148392385078,0.7831377769293779,0.5393592294536702,924.2292420997309,2.9657797052361863,0.5393592294536702,-2.9657797052361863,1
productivity_energy,46,0.9999999791426432,0.3500003611569309,1.8937563609167327,48.99651030466467,13.816207788393086,24.998021270873412,0,0.025888567116868537,0.0,1,0.8246685114661657,0.7816461237139805,0.5375799220026358,921.5222741106131,2.9645058370118678,0.5375799220026358,-2.9645058370118678,1
productivity_energy,47,0.9999932267888763,0.3500000037635493,1.9018069621796045,48.4184420374554,13.655232691777831,24.970488965974052,0,0.025690266652388653,0.0,1,0.8272011860796651,0.7787643275472838,0.5378756958633575,922.0459980135342,2.9647525871980553,0.5378756958633575,-2.9647525871980553,1
productivity_energy,48,0.9999999311159493,0.35000001079371934,1.808457065307723,54.9795469975614,5.000039117195177,22.28277134194155,0,0.02565518127426343,0.0,1,0.835337799379019,0.7882335702661843,0.5519944675874453,936.0948606751565,2.9713198608965388,0.5519944675874453,-2.9713198608965388,1
productivity_energy,49,0.9999997995463137,0.35000003095683996,1.8768974843958293,47.32960596760675,13.584459611552697,24.997383590059812,0,0.0256452872246663,0.0,1,0.8266073935051441,0.7736673865741612,0.5343185649826667,916.8449217966387,2.962295883866825,0.5343185649826667,-2.962295883866825,1
productivity_energy,50,0.9999987596865012,0.3500007221176357,1.7894705300638485,54.725651841950466,5.030275591092175,22.505659512058966,0,0.02539244307745911,0.0,1,0.8339103083802596,0.787019645666462,0.549172515416597,934.7507616193142,2.9706958276822943,0.549172515416597,-2.9706958276822943,1
productivity_energy,51,0.9999998404129515,0.3500000626039842,1.9054298488386772,49.579105094745294,13.18230639960438,24.367276730455426,0,0.02538476177101144,0.0,1,0.8244878003759177,0.7830094469337877,0.5415649100321724,927.5029987147611,2.967315322409098,0.5415649100321724,-2.967315322409098,1
productivity_energy,52,0.9999998858887844,0.3500008367164119,1.9052206828838556,50.35936209402347,13.123465880698523,24.243084530314675,0,0.025381171420292385,0.0,1,0.8227005391933577,0.7862325923177814,0.5427276966360703,929.1736556862758,2.968096888006942,0.5427276966360703,-2.968096888006942,1
productivity_energy,53,0.9999997446291004,0.3500001242049822,1.9027500848445302,49.65906597189252,13.599519702677194,24.85352376615839,0,0.025221045893317064,0.0,1,0.8248820613184074,0.7840353139074782,0.5397708997374219,924.8599103839049,2.966075954625764,0.5397708997374219,-2.966075954625764,1
productivity_energy,54,0.9999976753101691,0.35000001291781524,1.881899234122013,50.6672878807488,12.073639493754023,23.362785973732862,0,0.025195731874476924,0.0,1,0.8191025728012307,0.7856221155260852,0.5439771163355178,931.1468688078371,2.9690181871921126,0.5439771163355178,-2.9690181871921126,1
productivity_energy,55,0.9999999780516715,0.3500003269081187,1.899836842862309,48.62410796168689,13.646546734516678,24.92768295458243,0,0.02517722475655336,0.0,1,0.8264287949553504,0.7796644921878623,0.5380720199289196,922.3014847607074,2.964872907784325,0.5380720199289196,-2.964872907784325,1
productivity_energy,56,0.999999301160762,0.3500000561680441,1.879628815727778,48.018899066108105,13.845119695582236,24.967961957564356,0,0.02500249103310705,0.0,1,0.8242594387671884,0.7774533916908611,0.5351694460287015,917.9822178348496,2.962834268596669,0.5351694460287015,-2.962834268596669,1
productivity_energy,57,0.9999986657252613,0.3500000072715401,1.9036918815453554,49.79434229494611,13.28993681842466,24.217949730429225,0,0.024927042188077474,0.0,1,0.8224249552640529,0.7842953895765309,0.5418055210052652,927.880821239673,2.9674921981996607,0.5418055210052652,-2.9674921981996607,1
productivity_energy,58,0.9999982455180719,0.3500003194801566,1.8030423807974316,54.82172936883169,5.00615959223551,22.386089952565726,0,0.025285461114187384,0.0,1,0.8353541521295792,0.7875037846795893,0.5510283075672677,935.6254987685579,2.9711020492033597,0.5510283075672677,-2.9711020492033597,1
productivity_energy,59,0.999999955910922,0.3500000441869953,1.9041932305518665,48.99651030466467,13.676544837699701,24.997763480467608,0,0.024395297060443317,0.0,1,0.8265963472759367,0.7813126428758115,0.5386980988582781,923.2513013653826,2.9653199284815934,0.5386980988582781,-2.9653199284815934,1
productivity_energy,60,0.9999995750795891,0.3500000052590875,1.899868075074663,50.70310301632657,12.073639493754023,23.496858990943153,0,0.024289957766991846,0.0,1,0.8222642181717975,0.7857093187456132,0.5455190181014822,932.8829202352916,2.9698271418318614,0.5455190181014822,-2.9698271418318614,1
productivity_energy,61,0.9999970883404947,0.3500000441869953,1.9041932305518665,48.77654752052707,13.700692179099924,24.997763480467608,0,0.024144058758979712,0.0,1,0.8268269644745839,0.7804260357429661,0.5384000093832062,922.8088448353316,2.965111748446335,0.5384000093832062,-2.965111748446335,1
productivity_energy,62,0.9999999854899912,0.3500000051433444,1.7902174228663048,54.56679479365356,5.0006960089698325,22.25710446193958,0,0.02386830133059832,0.0,1,0.8330865637492896,0.786565684069453,0.5498383467510255,935.066265285737,2.9708423890844813,0.5498383467510255,-2.9708423890844813,1
productivity_energy,63,0.9999995365538927,0.3500000197179723,1.7653408123118832,54.17310878741479,5.020295259957016,22.555343765765127,0,0.0238341014499321,0.0,1,0.8314335950545124,0.7846588496313097,0.5460309958846442,933.2337467561241,2.969990434970595,0.5460309958846442,-2.969990434970595,1
productivity_energy,64,0.9999998507707599,0.3500000352282578,1.9031512770178214,49.51059884462384,13.492202238381946,24.802505828403255,0,0.0238194455524659,0.0,1,0.8254105846294143,0.7831726411840446,0.5399047880888975,925.0522388022995,2.966166258558477,0.5399047880888975,-2.966166258558477,1
productivity_energy,65,0.9999973651571225,0.3500000375083718,1.9016489779896848,49.60076022220062,13.181785463119752,24.049925619433267,0,0.023317145112112518,0.0,1,0.8219955468837663,0.7833342578876721,0.5419008665612245,928.0653190507767,2.9675785437889104,0.5419008665612245,-2.9675785437889104,1
productivity_energy,66,0.9999999456488218,0.350000007243707,1.9045512303114482,49.56381470199526,13.569978918865143,24.743972814324582,0,0.022853988556487414,0.0,1,0.8247322126040376,0.7836391491243123,0.5401127868772609,925.3604918311117,2.96631095340246,0.5401127868772609,-2.96631095340246,1
productivity_energy,67,0.9999970632157813,0.3500000041394862,1.88395051974761,48.3500890086196,13.995879610529089,24.998913750905313,0,0.02278274985300546,0.0,1,0.8236456352043037,0.7792877156358571,0.5356786508328354,918.7056341836607,2.9631763797989707,0.5356786508328354,-2.9631763797989707,1
productivity_energy,68,0.9999999711803933,0.350000044076525,1.9045529800356453,49.55856624938265,13.655695063849965,24.96135650893119,0,0.029539628085231272,0.0,1,0.8256205088844832,0.7836827937852894,0.5394949737439627,924.4606077311632,2.9658884101307006,0.5394949737439627,-2.9658884101307006,1
productivity_energy,69,0.9999999430717555,0.3500000086067031,1.808457065307723,54.63773470523008,5.036596836192923,22.62238742189482,0,0.02267465459512952,0.0,1,0.8377371886884425,0.7866159035455007,0.550772663419488,935.6204878566142,2.971099723254316,0.550772663419488,-2.971099723254316,1
productivity_energy,70,0.9999931738971992,0.35000296770405454,1.7837371453540878,54.35301400053966,5.001108784259248,22.28033502626287,0,0.022462821578784146,0.0,1,0.8326012906896529,0.7856669624480535,0.5489186808284128,934.6286294963254,2.970639080178385,0.5489186808284128,-2.970639080178385,1
productivity_energy,71,0.9999993085363934,0.3500004954438403,1.90686028507247,49.81962193263544,13.087224308973473,24.270257531753977,0,0.02342705665598548,0.0,1,0.8241514894892219,0.783868278629552,0.5422974252252787,928.5503289266826,2.967805448175713,0.5422974252252787,-2.967805448175713,1
productivity_energy,72,0.999999955927874,0.35000131296350034,1.8930267173111335,48.99651030466467,13.676544837699701,24.994859995307664,0,0.022359174314415507,0.0,1,0.8252771573667026,0.7812890304970422,0.5377166889196611,921.734919914536,2.964606041041943,0.5377166889196611,-2.964606041041943,1
productivity_energy,73,0.9999992617218085,0.350000001134524,1.8713974460342604,47.386629878916914,14.14112545488274,24.98931642190093,0,0.03457960027774062,0.0,1,0.8229149236307451,0.7753884907603066,0.5331759638718652,915.1444385935721,2.9614896448135584,0.5331759638718652,-2.9614896448135584,1
productivity_energy,74,0.9999999724751144,0.3500001196719693,1.9057353289469194,50.47282954214596,12.47176314675712,23.760759682208054,0,0.02222034565646334,0.0,1,0.822945930099177,0.7855020451736674,0.5447747206852125,931.9363317650468,2.9693862431398004,0.5447747206852125,-2.9693862431398004,1
productivity_energy,75,0.9999998200304591,0.3500000072715401,1.9045512303114482,49.79434229494611,13.558670492828073,24.274758787009933,0,0.02214676543249056,0.0,1,0.8214885027483252,0.784921590763935,0.5413779208550471,927.3445365448991,2.9672411176620006,0.5413779208550471,-2.9672411176620006,1
productivity_energy,76,0.9999997854003482,0.35000008012229966,1.7757940835074082,54.04584304826558,5.2606184877888795,22.758895303706133,0,0.022005484851953284,0.0,1,0.8331609041221876,0.7844918949972597,0.5462854752554636,933.3710322721906,2.970054318169492,0.5462854752554636,-2.970054318169492,1
productivity_energy,77,0.9999998031629305,0.35000058401751993,1.7755369570055506,54.17212094508969,5.039156069431538,22.62166495495328,0,0.02495977676651664,0.0,1,0.8334003699578353,0.7846585250376313,0.5469464979026692,933.645347275289,2.9701819372887575,0.5469464979026692,-2.9701819372887575,1
productivity_energy,78,0.9999971643854284,0.35000000543684595,1.899868075074663,50.46808821222876,12.063351260317756,23.672550486165953,0,0.0321633084819779,0.0,1,0.8238549473037537,0.7845576210796225,0.5449378771863831,932.1707520621113,2.9694954723175457,0.5449378771863831,-2.9694954723175457,1
productivity_energy,79,0.999998479135057,0.35000000329543146,1.8982664253217822,47.2344587524841,14.032382020259247,24.997080844164117,0,0.021873542287925117,0.0,1,0.8269124944185556,0.7744845568546695,0.5354767995524021,918.5087043016027,2.9630832762784554,0.5354767995524021,-2.9630832762784554,1
productivity_energy,80,0.9999999387561297,0.350000016626271,1.8728207877761316,46.86401345192544,14.294970435570972,24.99798245455598,0,0.021782164760072872,0.0,1,0.8232092014015964,0.7734479728566784,0.5323965975869637,914.0182670427438,2.96095487537999,0.5323965975869637,-2.96095487537999,1
productivity_energy,81,0.9999998858887844,0.3500008444315925,1.905246049538971,50.35936209402347,13.123465880698523,24.283755188240626,0,0.02165527298394007,0.0,1,0.8229600124211488,0.7862020744813293,0.5426464255053142,929.0558497446262,2.968041822181851,0.5426464255053142,-2.968041822181851,1
productivity_energy,82,0.9999997030940365,0.3500000004600026,1.9048638220027119,49.82825943500051,12.899802467931853,24.267458729508924,0,0.021640291898731526,0.0,1,0.824861052799506,0.7834373935602285,0.5423820297502053,928.6843687269478,2.9678681357248795,0.5423820297502053,-2.9678681357248795,1
productivity_energy,83,0.9999996208039543,0.3500000589404208,1.8978328104614726,49.001601465053234,13.94716869216955,24.99479690082711,0,0.0215576995545864,0.0,1,0.8244513698184501,0.7820161892694738,0.5377688965737972,921.8178267199052,2.9646451025422706,0.5377688965737972,-2.9646451025422706,1
productivity_energy,84,0.9999999323078369,0.35000002445322836,1.8767246289866182,47.5207192576532,14.046673338189517,24.999645129933622,0,0.02150154560425631,0.0,1,0.8238890854029081,0.7757456412564545,0.5339360936082826,916.1661609282446,2.96197424684463,0.5339360936082826,-2.96197424684463,1
productivity_energy,85,0.9999999035609266,0.35000004650644057,1.9067358474480824,50.515515916947116,12.473390748220963,23.987949800759537,0,0.021297433224541206,0.0,1,0.8244332567209661,0.7855014009440223,0.5444482955045582,931.5320746841078,2.9691978131973675,0.5444482955045582,-2.9691978131973675,1
productivity_energy,86,0.9999999967365057,0.3500000046519397,1.7936607966593936,54.69792046293465,5.039215629594482,22.350875029148185,0,0.021266325274732396,0.0,1,0.8336919879904254,0.7870894061928058,0.550009837108399,935.1534507740123,2.9708828807723426,0.550009837108399,-2.9708828807723426,1
productivity_energy,87,0.9999999859384517,0.3500000021511917,1.9002380844212585,50.5798100417239,13.029724908169737,23.960021837495862,0,0.021174755636427574,0.0,1,0.8204001671945937,0.7871178639455287,0.5431801652969591,929.9066235613417,2.968439341125939,0.5431801652969591,-2.968439341125939,1
productivity_energy,88,0.9999848415302046,0.35000000503455914,1.891624467922532,50.660264200473286,11.726962406970147,23.53757790610986,0,0.024667967702151558,0.0,1,0.823440791892654,0.7846492450461086,0.5450595820459047,932.3515187280336,2.969579682591671,0.5450595820459047,-2.969579682591671,1
productivity_energy,89,0.9999999994032863,0.35000000215808347,1.8920708467452032,50.49375836053816,12.332673289959788,23.837576646642745,0,0.020986699237995697,0.0,1,0.8224297235889846,0.7851554289677738,0.5435332339347796,930.3214911504407,2.968633053613379,0.5435332339347796,-2.968633053613379,1
productivity_energy,90,0.999999955927874,0.35000126676598686,1.8944347561197081,48.99651030466467,13.672562532228158,24.93251205090099,0,0.02095215868513368,0.0,1,0.8250869007875232,0.7813248168483461,0.5379907844924118,922.1521803545484,2.9648025974468126,0.5379907844924118,-2.9648025974468126,1
productivity_energy,91,0.9999932915116294,0.3500000009052012,1.8855102112922906,47.788576806803306,13.89590389992325,24.997636470323513,0,0.02087841492980259,0.0,1,0.8252619386295398,0.7765631810011427,0.5352690655636407,918.0786826604827,2.9628799034026794,0.5352690655636407,-2.9628799034026794,1
productivity_energy,92,0.9999996843764706,0.3500000301152526,1.9048788392274287,49.43547286451335,13.344835440195485,24.726343199362233,0,0.020874994801852176,0.0,1,0.8260290407290742,0.7825392305485013,0.540344357562054,925.7298659420345,2.9664842751850378,0.540344357562054,-2.9664842751850378,1
productivity_energy,93,0.999999906960338,0.35000298026695287,1.8743766378605646,47.17226226975743,13.906940037427674,24.93393462075285,0,0.02052640228204141,0.0,1,0.8245047909235944,0.7738534658676289,0.5336193761852659,915.8131012188105,2.9618068520616694,0.5336193761852659,-2.9618068520616694,1
productivity_energy,94,0.999999946689016,0.3500000021162846,1.8974187247465006,50.43128210456887,12.46167941309941,23.898039887503458,0,0.02038115805056132,0.0,1,0.8229122844423392,0.7851711775403252,0.5436842619211342,930.4865150453479,2.968710083556167,0.5436842619211342,-2.968710083556167,1
productivity_energy,95,0.9999976376424685,0.35000012699471045,1.883009195387932,48.71868748068553,13.632882359920766,24.990991380615984,0,0.04043466476929768,0.0,1,0.8247376986782241,0.7799548551866035,0.5365558111399474,920.0420313965183,2.9638076682005643,0.5365558111399474,-2.9638076682005643,1
productivity_energy,96,0.9999999987668743,0.35000000215808347,1.8935245400580358,50.5307367964193,12.50577334571457,23.837576646642745,0,0.0201552111396458,0.0,1,0.8216251485651404,0.7857292679248973,0.5434741069293991,930.2436450201903,2.9685967118114527,0.5434741069293991,-2.9685967118114527,1
productivity_energy,97,0.9999996764951428,0.3500000574041146,1.8900256417457884,48.595449769296835,13.8047819911255,24.99872119780814,0,0.0447009493763785,0.0,1,0.8249459174516522,0.7798761544205225,0.5367884669482464,920.3226157385061,2.9639400943831338,0.5367884669482464,-2.9639400943831338,1
productivity_energy,98,0.9999997584226739,0.3500000051433444,1.7993124327976222,54.56679479365356,5.000698991179863,22.293210044974447,0,0.030420398767996303,0.0,1,0.8347674919548685,0.7865545096470313,0.5507108629411771,935.4646614289253,2.971027386024915,0.5507108629411771,-2.971027386024915,1
productivity_energy,99,0.9999997880956628,0.35000003096804255,1.9069516235003796,49.65082006182153,13.398075299952104,24.521238633097035,0,0.019932023051609706,0.0,1,0.82438770512505,0.7837415456522988,0.5411549418297085,926.9010869618978,2.9670333914491085,0.5411549418297085,-2.9670333914491085,1
productivity_energy,100,0.999999874979797,0.3500005447502918,1.8042365285411766,54.664222042123356,5.000646270857225,22.11024679027575,0,0.019914817935638814,0.0,1,0.8342886913787504,0.7871408610871738,0.5517963479407388,936.0144852996235,2.971282569717825,0.5517963479407388,-2.971282569717825,1
productivity_energy,101,0.999993230166762,0.3500000061651288,1.8916843557660965,50.70386608096355,11.684643190117486,23.383647093016293,0,0.019860183775735715,0.0,1,0.8226076196558183,0.7848642834126716,0.5454751644041961,932.8530740251117,2.969813246999551,0.5454751644041961,-2.969813246999551,1
productivity_energy,102,0.999999955927874,0.3500013117098311,1.9037046242883782,48.99651030466467,13.672797024616187,24.93251205090099,0,0.027863674236013936,0.0,1,0.8261674551079173,0.7813476145555893,0.5388125058720035,923.4142944901936,2.9653965931630997,0.5388125058720035,-2.9653965931630997,1
productivity_energy,103,0.999999716120413,0.3500000197179723,1.7656028567613267,53.91289584861098,5.020568774186897,22.55547433403372,0,0.019753759775143348,0.0,1,0.8320257400236117,0.7835989950320528,0.5458602168198099,933.1232216373928,2.969938997383846,0.5458602168198099,-2.969938997383846,1
productivity_energy,104,0.999999955927874,0.350000005334964,1.8930267173111335,48.99651030466467,13.878225950330823,24.970289535702417,0,0.019737675289147785,0.0,1,0.8240966408438433,0.7818215594284433,0.5374889066593219,921.402832721364,2.964449543095048,0.5374889066593219,-2.964449543095048,1
productivity_energy,105,0.9999998519515373,0.3500018824406355,1.9019505514658173,49.18861539242377,12.99932116388544,24.073144348154777,0,0.019223467394885667,0.0,1,0.8238253220071777,0.7811072965664188,0.5416688562614729,927.7577097156894,2.9674345720459554,0.5416688562614729,-2.9674345720459554,1
productivity_energy,106,0.9999998145227296,0.3500000039704797,1.9031242027881314,48.96664766457427,13.94928917442822,24.937644764902608,0,0.02394915949014304,0.0,1,0.8247660093777466,0.7819238244753411,0.5383250542361043,922.6781351731419,2.9650502291988623,0.5383250542361043,-2.9650502291988623,1
productivity_energy,107,0.9999929794604524,0.3500000132449642,1.8857228775444526,47.890230792666415,13.882590088484312,24.947884260745955,0,0.018681988937190242,0.0,1,0.8248863568228909,0.7770128932428688,0.5355490582524656,918.5247814247965,2.9630908778882707,0.5355490582524656,-2.9630908778882707,1
productivity_energy,108,0.9999997074589875,0.3500000129838651,1.8764645346672557,46.24598558532753,14.088620459958749,24.999304896572585,0,0.01858710545978988,0.0,1,0.8257394272139419,0.770075731149458,0.5321675012899043,913.7184445094803,2.9608123917584797,0.5321675012899043,-2.9608123917584797,1
productivity_energy,109,0.9999997854003482,0.3500000529709747,1.7727198368060586,54.04584304826558,5.040888582749684,22.749776593643563,0,0.018553691692952592,0.0,1,0.8339342051679643,0.7840162040248985,0.5461955962792229,933.2899247858575,2.970016577482149,0.5461955962792229,-2.970016577482149,1
productivity_energy,110,0.9999998064038181,0.35000298604745633,1.7753694643711915,54.3612518661852,5.039156069431538,22.62166495495328,0,0.024911278436085725,0.0,1,0.8329770241029383,0.7854260680567313,0.5470699415935656,933.7234907654429,2.9702182849945764,0.5470699415935656,-2.9702182849945764,1
productivity_energy,111,0.9999996843764706,0.35000000505731704,1.9031529772602076,49.65082006182153,13.344835440195485,24.726343199362233,0,0.042034585859634474,0.0,1,0.8254752850926054,0.7834498267780943,0.5404349972386435,925.8494476105902,2.9665403717923855,0.5404349972386435,-2.9665403717923855,1
productivity_energy,112,0.9999998183432759,0.3500000129838651,1.8820454968143996,46.24598558532753,13.97273780747762,24.999304896572585,0,0.02113728041498275,0.0,1,0.8269893151808746,0.769774193578913,0.5328007593331908,914.6826519114536,2.961270442230802,0.5328007593331908,-2.961270442230802,1
productivity_energy,113,0.9999976658119341,0.3500000526079276,1.8995824993003092,49.24368331549668,13.736692210818186,24.800603202123796,0,0.030422251586714126,0.0,1,0.8241600574317345,0.7826493149974583,0.5389432939131992,923.609407302144,2.9654883477169927,0.5389432939131992,-2.9654883477169927,1
productivity_energy,114,0.9999998064038181,0.35000298604745633,1.7753694643711915,54.3612518661852,5.003287763832285,22.184689043096526,0,0.018007795830517204,0.0,1,0.8306107296639268,0.7857769173405283,0.5482610862545675,934.4081060233578,2.970536597304652,0.5482610862545675,-2.970536597304652,1
productivity_energy,115,0.9999998262635088,0.3500032497423109,1.9067499028846593,49.783317063189614,13.15124743562259,24.262294428972844,0,0.030280687004357452,0.0,1,0.823812275148812,0.783881110874149,0.5421757822504125,928.3817249343831,2.9677265828413226,0.5421757822504125,-2.9677265828413226,1
productivity_energy,116,0.9999999981280008,0.3500000478799278,1.7879457699015702,54.63774461351777,5.001794872055716,22.467200855712477,0,0.017854964459518074,0.0,1,0.833793500260656,0.786640094138483,0.5490800921134771,934.6843771252296,2.970664983692172,0.5490800921134771,-2.970664983692172,1
productivity_energy,117,0.9999997771371957,0.35000001336242187,1.9032450462104573,48.595563058140655,13.679781928021145,24.970488965974052,0,0.029083240263820528,0.0,1,0.8269523034874519,0.7796041335967363,0.5381898469990365,922.5006486529917,2.964966680203798,0.5381898469990365,-2.964966680203798,1
productivity_energy,118,0.9999997074589875,0.3500000129838651,1.8729470307564138,47.17686963400252,14.088620459958749,24.999306699750242,0,0.028848496316033194,0.0,1,0.8237854001821213,0.7743070922145576,0.5331005476086749,914.9890473833635,2.961415895498758,0.5331005476086749,-2.961415895498758,1
productivity_energy,119,0.9999991894383915,0.35000005467808837,1.8934487562816211,48.6759161418062,13.679414180603457,24.99745145040289,0,0.02815123907268746,0.0,1,0.8258533091619921,0.7799106791380465,0.5373642614787288,921.1981401965127,2.96435305249757,0.5373642614787288,-2.96435305249757,1
productivity_energy,120,0.9999999994032863,0.35000000215808347,1.8920708467452032,50.49403289986975,12.472680152094913,23.837576646642745,0,0.017719862245228923,0.0,1,0.8216794817454381,0.7854931802438444,0.5433427241138826,930.0754572406686,2.9685181843967956,0.5433427241138826,-2.9685181843967956,1
productivity_energy,121,0.9999997966865615,0.35000000385792873,1.9067831053364555,49.90006740527123,13.14265143670012,24.158713414921294,0,0.017706918545242548,0.0,1,0.8230172746131491,0.7844296235071926,0.5425343997428899,928.8967466463687,2.9679674418150643,0.5425343997428899,-2.9679674418150643,1
productivity_energy,122,0.9999986184944712,0.35000004024574216,1.9001925348644706,49.239098384718375,13.732018159134839,24.973354067439857,0,0.019506421841659034,0.0,1,0.8253125280977888,0.7825008763055177,0.5386089956264337,923.0882673887426,2.965243231044351,0.5386089956264337,-2.965243231044351,1
productivity_energy,123,0.9999997865821831,0.35000010160190104,1.8723185078769489,46.44654803565897,14.077040862179016,24.997634201968125,0,0.017675195847898045,0.0,1,0.8249713145616302,0.7709573589925061,0.5320979762257718,913.5986508566665,2.9607554495642754,0.5320979762257718,-2.9607554495642754,1
productivity_energy,124,0.9999998858887844,0.3500008444315925,1.905246049538971,50.515515916947116,12.473390748220963,23.776661517905893,0,0.02218121483920362,0.0,1,0.8229061068038802,0.7856694636033397,0.544738596219143,931.8867694557533,2.9693631458432517,0.544738596219143,-2.9693631458432517,1
productivity_energy,125,0.9999991470331702,0.35000005467808837,1.8934487562816211,48.661347035612394,13.904532058210613,24.99745145040289,0,0.017630305520393807,0.0,1,0.8247235874700958,0.780428953525694,0.5370351926530701,920.6899518097815,2.964113403391109,0.5370351926530701,-2.964113403391109,1
productivity_energy,126,0.9999999456488218,0.350000007243707,1.9045512303114482,49.56381470199526,13.569978918865143,24.743972814324582,0,0.017450761289201762,0.0,1,0.8247322126040376,0.7836391491243123,0.5401127868772609,925.3604918311117,2.96631095340246,0.5401127868772609,-2.96631095340246,1
productivity_energy,127,0.999999834821944,0.35000001265068836,1.876501743587299,47.32869476507979,13.97256909741076,24.954968328556745,0,0.017160067666922567,0.0,1,0.8242901756177375,0.7747208634741921,0.5338761808079712,916.130288228411,2.9619572416099174,0.5338761808079712,-2.9619572416099174,1
productivity_energy,128,0.9999987596865012,0.3500006720557998,1.7938082582814905,54.725651841950466,5.030439059903387,22.505659512058966,0,0.017076875989350912,0.0,1,0.8346115987645327,0.7870315490547889,0.5496350793017843,934.9668800574732,2.970796226847875,0.5496350793017843,-2.970796226847875,1
productivity_energy,129,0.9999998260890821,0.3500039526911585,1.8826468497169127,46.71270509321465,14.406283535473962,24.99253138526714,0,0.02841703090385163,0.0,1,0.8240025454678275,0.7730970228382498,0.5329189412272531,914.780599722533,2.961316945699914,0.5329189412272531,-2.961316945699914,1
productivity_energy,130,0.9999999284312571,0.35000002911729117,1.784179248021541,54.64739023400601,5.000039117195177,22.53866600583848,0,0.01684374187778915,0.0,1,0.8335846021454992,0.7865957555351664,0.5484911441343083,934.4102862290774,2.970537610620143,0.5484911441343083,-2.970537610620143,1
productivity_energy,131,0.9999931490024776,0.35000051650910735,1.8887834099278429,50.582655509021784,12.578442252379451,24.10242691684013,0,0.01681484140079495,0.0,1,0.822244407336015,0.7858980268516746,0.5424459478095713,928.8774627898704,2.9679584257867173,0.5424459478095713,-2.9679584257867173,1
productivity_energy,132,0.9999996208039543,0.3500000589404208,1.8900256417457884,48.17246503748609,13.94716869216955,24.998533399184893,0,0.016531701035909355,0.0,1,0.8249051017538411,0.7784014907092389,0.5360777265410624,919.2553074984432,2.9634361460313894,0.5360777265410624,-2.9634361460313894,1
productivity_energy,133,0.9999999711803933,0.3500000958094687,1.889511509567746,49.55856624938265,13.334127400492616,24.99981145034375,0,0.022621397862369275,0.0,1,0.82571159253748,0.7828086226794321,0.5384975311659228,923.0332033660031,2.9652173237553527,0.5384975311659228,-2.9652173237553527,1
productivity_energy,134,0.9999970632157813,0.3500000041394862,1.8715956185906357,46.503692415294076,14.138942765349322,24.999888152118338,0,0.016506260156737656,0.0,1,0.8244828218256519,0.7713829456965867,0.5320220571574721,913.4824637224258,2.960700214543855,0.5320220571574721,-2.960700214543855,1
productivity_energy,135,0.9999998404129515,0.3500000626039842,1.9054298488386772,49.579105094745294,13.140454909866207,24.356172936989104,0,0.016284106148037047,0.0,1,0.8246365606804993,0.7829133852590807,0.5416451157341502,927.6227044693632,2.9673713698765645,0.5416451157341502,-2.9673713698765645,1
productivity_energy,136,0.9999996942551277,0.35000434487941656,1.8900256417457884,48.15318583209968,13.889740813182446,24.996466137698892,0,0.01621757828345239,0.0,1,0.8252169389574925,0.7781703723839165,0.5361369638794957,919.3505243968783,2.9634811281291222,0.5361369638794957,-2.9634811281291222,1
productivity_energy,137,0.9999999315592506,0.3500000129838651,1.8821343012485472,46.24598558532753,14.046842048256378,24.999304896572585,0,0.03660887018889841,0.0,1,0.8266128457144728,0.769976748749131,0.5327136276965037,914.5330414064673,2.9611994008362497,0.5327136276965037,-2.9611994008362497,1
productivity_energy,138,0.9999938907641961,0.3500001657808765,1.891624467922532,50.70201048236822,12.141804247365776,23.53757790610986,0,0.029805646292440147,0.0,1,0.8211018624045723,0.7858093828958752,0.5445452335286105,931.6876068032742,2.969270318594279,0.5445452335286105,-2.969270318594279,1
productivity_energy,139,0.9999998672544078,0.35000017960289853,1.78339240295916,54.056302036013776,5.0250164712002015,22.307319382863312,0,0.018563174225659167,0.0,1,0.8331667378672731,0.78448729359286,0.5485618243082745,934.4535229256817,2.9705577056732575,0.5485618243082745,-2.9705577056732575,1
productivity_energy,140,0.9999993942125946,0.3500000037635493,1.8939751780417873,48.41792879511667,13.679547435633117,24.970488965974052,0,0.02861276310122799,0.0,1,0.8261725308722795,0.7788078040899057,0.5371593877227999,920.9072923713775,2.9642159120230387,0.5371593877227999,-2.9642159120230387,1
productivity_energy,141,0.9999999684340549,0.3500005447502918,1.8042365285411766,54.79013434065232,5.000646270857225,22.360321189684804,0,0.02773589188197046,0.0,1,0.8354919772597911,0.7873948033230572,0.5512076908248409,935.7074914700465,2.9711401065432574,0.5512076908248409,-2.9711401065432574,1
productivity_energy,142,0.9999998717816733,0.3500005581979252,1.8995628214497176,48.16102732931209,13.90847739037502,24.997383590059812,0,0.02839632102923456,0.0,1,0.8262182673397924,0.7782751399214604,0.5369570560691638,920.6057569991443,2.9640736864227644,0.5369570560691638,-2.9640736864227644,1
productivity_energy,143,0.9999999315765937,0.3500000368995483,1.87651277329547,46.24598558532753,14.02893941127164,24.999348582488814,0,0.015728436577854395,0.0,1,0.8260568194166107,0.7699132148049455,0.5322494236282631,913.8485104890967,2.9608742083033364,0.5322494236282631,-2.9608742083033364,1
productivity_energy,144,0.9999999548237237,0.3500000561680441,1.9014831562970338,48.00580872040715,13.841742726934873,24.967961957564356,0,0.015720909396113227,0.0,1,0.826850847275563,0.7774419638326657,0.5370874309852631,920.8594663241331,2.964193356953765,0.5370874309852631,-2.964193356953765,1
productivity_energy,145,0.9999992196793673,0.3500000432403182,1.9051138509714753,50.35936209402347,13.613968438678432,24.621538499354962,0,0.02447261303163526,0.0,1,0.8225204611303448,0.7871630842369064,0.5412137069305939,927.1050384937538,2.967128941322436,0.5412137069305939,-2.967128941322436,1
productivity_energy,146,0.999999896124417,0.3500008855985888,1.7839046379884471,54.16388307944414,5.001819888624937,22.529955196965822,0,0.015526987105294932,0.0,1,0.8344739858936641,0.784655378248664,0.5481227897649144,934.2126406205548,2.9704457393322117,0.5481227897649144,-2.9704457393322117,1
productivity_energy,147,0.9999997995463137,0.35000003214765274,1.9002231255214672,47.32960596760675,14.121930412736786,24.973049440799585,0,0.015469895671907746,0.0,1,0.826373107556057,0.7751727479115553,0.535707246818692,918.8634271797401,2.9632509659781676,0.535707246818692,-2.9632509659781676,1
productivity_energy,148,0.9999932038352006,0.3500000021511917,1.9002231700069336,50.70677312175064,13.0500012713875,23.960021837495862,0,0.015406378974137665,0.0,1,0.8200789288072219,0.7876885225921181,0.5432702798481304,930.0685288239027,2.9685149491922176,0.5432702798481304,-2.9685149491922176,1
productivity_energy,149,0.9999998993653048,0.35000005158842756,1.7837371453540878,54.35301400053966,5.001028711136384,22.529955196965822,0,0.015329432193446131,0.0,1,0.8340642606409334,0.7854201031741208,0.5482518538729702,934.2681245014205,2.9704715317768025,0.5482518538729702,-2.9704715317768025,1
productivity_energy,150,0.9999999458208735,0.35000009521874015,1.7837371453540878,54.19660374287996,5.001028711136384,22.568101494747868,0,0.023476834015109013,0.0,1,0.834606105825882,0.7847485239418187,0.5480276506467661,934.1659131340181,2.970424016229557,0.5480276506467661,-2.970424016229557,1
productivity_energy,151,0.999993230166762,0.3500000061651288,1.891624467922532,50.70386608096355,11.684643190117486,23.53757790610986,0,0.02598387499681471,0.0,1,0.823593653148568,0.7847312093302077,0.545163178195156,932.4814947342755,2.9696402219128593,0.545163178195156,-2.9696402219128593,1
productivity_energy,152,0.9999998184451105,0.35000005467808837,1.8934487562816211,48.67935266101492,13.679414180603457,24.980277025675697,0,0.015180770686052,0.0,1,0.8257438925201648,0.779937433776274,0.537408425433237,921.2667034505165,2.964385375114733,0.537408425433237,-2.964385375114733,1
productivity_energy,153,0.9999931936042996,0.35000001945438963,1.9029672567238367,49.65082006182153,13.682044328018913,24.960735650324832,0,0.016871056026909123,0.0,1,0.8251504830790954,0.7841353665508195,0.5394193126959437,924.3512512097151,2.965837033422302,0.5394193126959437,-2.965837033422302,1
productivity_energy,154,0.9999998507707599,0.3500000352282578,1.9031512770178214,49.51059884462384,13.492202238381946,24.802553967504892,0,0.015059679173528523,0.0,1,0.8254108772729782,0.7831726072389936,0.5399046796155462,925.0520837188898,2.9661661857497514,0.5399046796155462,-2.9661661857497514,1
productivity_energy,155,0.9999997876374476,0.35000003096804255,1.9069642196258814,49.578746278101555,13.392755830961153,24.521238633097035,0,0.01504727969037543,0.0,1,0.8245341757628035,0.7834232966855292,0.5410830677432878,926.7973442212141,2.9669847806296725,0.5410830677432878,-2.9669847806296725,1
productivity_energy,156,0.9999998562969591,0.3500000308090978,1.9155458798281373,49.50132260728954,13.570081361037563,24.60072743912663,0,0.018603257202705448,0.0,1,0.8252274491610563,0.783504402722315,0.541338012223076,927.253318713195,2.9671983963778366,0.541338012223076,-2.9671983963778366,1
productivity_energy,157,0.999999906960338,0.35000298026695287,1.8743766378605646,46.26440255664798,13.885864891415375,24.994578908677973,0,0.014816054587160576,0.0,1,0.8264936650324051,0.7696079469481375,0.5322812087356448,913.945987127034,2.960920530322651,0.5322812087356448,-2.960920530322651,1
productivity_energy,158,0.9999999951096927,0.3500000478799278,1.7879457699015702,54.63774461351777,5.002746091708888,22.585321750105884,0,0.025250709827859447,0.0,1,0.8344712255107342,0.7865280351127695,0.5487589904728756,934.5327431790713,2.9705945223364365,0.5487589904728756,-2.9705945223364365,1
productivity_energy,159,0.9999997865508896,0.3500005943295559,1.9045362163897415,49.79481101831278,13.429109418090697,24.534549567912784,0,0.014400925716549294,0.0,1,0.8237883020451789,0.7844107696222259,0.5410222067461834,926.7073551336731,2.9669426099632643,0.5410222067461834,-2.9669426099632643,1
productivity_energy,160,0.9999999951096927,0.3500000478799278,1.7879457699015702,54.63774461351777,5.002746091708888,22.250672141203555,0,0.014365269370841472,0.0,1,0.832518108544395,0.7868540079511765,0.5496579052334649,935.0044830907318,2.970813693200752,0.5496579052334649,-2.970813693200752,1
