basis_index,basis_label,target,coefficient_standardized,alpha,power_x1,power_x2,power_x3,power_x4,power_x5,power_x6,power_x7
0,1,purity_log_excess,-0.15776958835180518,1.0,0,0,0,0,0,0,0
0,1,recovery,-0.1125629487518271,1e-06,0,0,0,0,0,0,0
0,1,productivity_mol_kg_h,0.02641316442307471,0.1,0,0,0,0,0,0,0
0,1,log_energy,-0.04689743688823642,1.0,0,0,0,0,0,0,0
1,x1,purity_log_excess,-0.20898134982480612,1.0,1,0,0,0,0,0,0
1,x1,recovery,-0.032377488002863844,1e-06,1,0,0,0,0,0,0
1,x1,productivity_mol_kg_h,0.499469502952072,0.1,1,0,0,0,0,0,0
1,x1,log_energy,0.26237058088326515,1.0,1,0,0,0,0,0,0
2,x2,purity_log_excess,-0.2514419237022708,1.0,0,1,0,0,0,0,0
2,x2,recovery,0.0519892667253354,1e-06,0,1,0,0,0,0,0
2,x2,productivity_mol_kg_h,-0.013563059323182863,0.1,0,1,0,0,0,0,0
2,x2,log_energy,-0.07666628449190903,1.0,0,1,0,0,0,0,0
3,x3,purity_log_excess,-0.38555191984421594,1.0,0,0,1,0,0,0,0
3,x3,recovery,1.0100924003881857,1e-06,0,0,1,0,0,0,0
3,x3,productivity_mol_kg_h,0.602675815852975,0.1,0,0,1,0,0,0,0
3,x3,log_energy,-0.41067072112109443,1.0,0,0,1,0,0,0,0
4,x4,purity_log_excess,-0.31678644965547104,1.0,0,0,0,1,0,0,0
4,x4,recovery,-0.02236814801252657,1e-06,0,0,0,1,0,0,0
4,x4,productivity_mol_kg_h,0.5041099788397712,0.1,0,0,0,1,0,0,0
4,x4,log_energy,-0.02444385918168107,1.0,0,0,0,1,0,0,0
5,x5,purity_log_excess,-0.0732491207757667,1.0,0,0,0,0,1,0,0
5,x5,recovery,-0.026591323378155233,1e-06,0,0,0,0,1,0,0
5,x5,productivity_mol_kg_h,-0.009992951383823742,0.1,0,0,0,0,1,0,0
5,x5,log_energy,-0.09247789822820184,1.0,0,0,0,0,1,0,0
6,x6,purity_log_excess,0.01798210535509064,1.0,0,0,0,0,0,1,0
6,x6,recovery,0.017601189911272623,1e-06,0,0,0,0,0,1,0
6,x6,productivity_mol_kg_h,-0.009416746093884876,0.1,0,0,0,0,0,1,0
6,x6,log_energy,-0.008416781566316358,1.0,0,0,0,0,0,1,0
7,x7,purity_log_excess,0.017298631137941677,1.0,0,0,0,0,0,0,1
7,x7,recovery,-0.00041048591939393824,1e-06,0,0,0,0,0,0,1
7,x7,productivity_mol_kg_h,-0.01231982403729032,0.1,0,0,0,0,0,0,1
7,x7,log_energy,0.024482194633108124,1.0,0,0,0,0,0,0,1
8,x1^2,purity_log_excess,-0.000611413109407791,1.0,2,0,0,0,0,0,0
8,x1^2,recovery,0.006019096283280107,1e-06,2,0,0,0,0,0,0
8,x1^2,productivity_mol_kg_h,-0.0020179555969157487,0.1,2,0,0,0,0,0,0
8,x1^2,log_energy,-0.2262670601139144,1.0,2,0,0,0,0,0,0
9,x1*x2,purity_log_excess,-0.01429024156374049,1.0,1,1,0,0,0,0,0
9,x1*x2,recovery,0.0206251350718022,1e-06,1,1,0,0,0,0,0
9,x1*x2,productivity_mol_kg_h,0.006693992413176333,0.1,1,1,0,0,0,0,0
9,x1*x2,log_energy,-0.007071145179661493,1.0,1,1,0,0,0,0,0
10,x1*x3,purity_log_excess,-0.06101503744942837,1.0,1,0,1,0,0,0,0
10,x1*x3,recovery,0.005487762048685072,1e-06,1,0,1,0,0,0,0
10,x1*x3,productivity_mol_kg_h,0.2802851484350574,0.1,1,0,1,0,0,0,0
10,x1*x3,log_energy,-0.08232599270849267,1.0,1,0,1,0,0,0,0
11,x1*x4,purity_log_excess,-0.025689761238731915,1.0,1,0,0,1,0,0,0
11,x1*x4,recovery,0.011490135450952418,1e-06,1,0,0,1,0,0,0
11,x1*x4,productivity_mol_kg_h,0.23306080019753642,0.1,1,0,0,1,0,0,0
11,x1*x4,log_energy,-0.022619798025173343,1.0,1,0,0,1,0,0,0
12,x1*x5,purity_log_excess,0.04665716435645698,1.0,1,0,0,0,1,0,0
12,x1*x5,recovery,0.017154509565735623,1e-06,1,0,0,0,1,0,0
12,x1*x5,productivity_mol_kg_h,0.0005792752841456666,0.1,1,0,0,0,1,0,0
12,x1*x5,log_energy,0.06042003564492207,1.0,1,0,0,0,1,0,0
13,x1*x6,purity_log_excess,0.004297916747265114,1.0,1,0,0,0,0,1,0
13,x1*x6,recovery,0.0012745139324024035,1e-06,1,0,0,0,0,1,0
13,x1*x6,productivity_mol_kg_h,-0.00466258278549532,0.1,1,0,0,0,0,1,0
13,x1*x6,log_energy,-0.003233197857771419,1.0,1,0,0,0,0,1,0
14,x1*x7,purity_log_excess,-0.0012857010135121408,1.0,1,0,0,0,0,0,1
14,x1*x7,recovery,0.004791828925665016,1e-06,1,0,0,0,0,0,1
14,x1*x7,productivity_mol_kg_h,-0.003605841557082958,0.1,1,0,0,0,0,0,1
14,x1*x7,log_energy,0.004693978003596958,1.0,1,0,0,0,0,0,1
15,x2^2,purity_log_excess,0.14745411799475217,1.0,0,2,0,0,0,0,0
15,x2^2,recovery,0.08650509219497361,1e-06,0,2,0,0,0,0,0
15,x2^2,productivity_mol_kg_h,-0.006566259878609063,0.1,0,2,0,0,0,0,0
15,x2^2,log_energy,-0.05534489839318887,1.0,0,2,0,0,0,0,0
16,x2*x3,purity_log_excess,-0.06509777258581464,1.0,0,1,1,0,0,0,0
16,x2*x3,recovery,0.035813984390633664,1e-06,0,1,1,0,0,0,0
16,x2*x3,productivity_mol_kg_h,0.03250311713325901,0.1,0,1,1,0,0,0,0
16,x2*x3,log_energy,-0.07510901012415488,1.0,0,1,1,0,0,0,0
17,x2*x4,purity_log_excess,-0.030122930671891292,1.0,0,1,0,1,0,0,0
17,x2*x4,recovery,0.04462528013162613,1e-06,0,1,0,1,0,0,0
17,x2*x4,productivity_mol_kg_h,0.017151903618388614,0.1,0,1,0,1,0,0,0
17,x2*x4,log_energy,-0.018938869357461707,1.0,0,1,0,1,0,0,0
18,x2*x5,purity_log_excess,-0.005506841343632754,1.0,0,1,0,0,1,0,0
18,x2*x5,recovery,0.02400806408888637,1e-06,0,1,0,0,1,0,0
18,x2*x5,productivity_mol_kg_h,0.006946136735313198,0.1,0,1,0,0,1,0,0
18,x2*x5,log_energy,-0.025959681732834958,1.0,0,1,0,0,1,0,0
19,x2*x6,purity_log_excess,-0.007506434763603046,1.0,0,1,0,0,0,1,0
19,x2*x6,recovery,-0.009966916769979392,1e-06,0,1,0,0,0,1,0
19,x2*x6,productivity_mol_kg_h,0.015154971775542194,0.1,0,1,0,0,0,1,0
19,x2*x6,log_energy,0.009342663300113045,1.0,0,1,0,0,0,1,0
20,x2*x7,purity_log_excess,0.010963658233029827,1.0,0,1,0,0,0,0,1
20,x2*x7,recovery,0.01902690904358387,1e-06,0,1,0,0,0,0,1
20,x2*x7,productivity_mol_kg_h,0.009734968443955086,0.1,0,1,0,0,0,0,1
20,x2*x7,log_energy,-0.0012223868638518492,1.0,0,1,0,0,0,0,1
21,x3^2,purity_log_excess,-0.046410967651457226,1.0,0,0,2,0,0,0,0
21,x3^2,recovery,-0.014298084917952255,1e-06,0,0,2,0,0,0,0
21,x3^2,productivity_mol_kg_h,-0.007798790450936804,0.1,0,0,2,0,0,0,0
21,x3^2,log_energy,0.3091551757741328,1.0,0,0,2,0,0,0,0
22,x3*x4,purity_log_excess,-0.07895967355109929,1.0,0,0,1,1,0,0,0
22,x3*x4,recovery,0.01554074220920748,1e-06,0,0,1,1,0,0,0
22,x3*x4,productivity_mol_kg_h,0.2783347022874421,0.1,0,0,1,1,0,0,0
22,x3*x4,log_energy,-0.04980089194548375,1.0,0,0,1,1,0,0,0
23,x3*x5,purity_log_excess,0.018070142564275506,1.0,0,0,1,0,1,0,0
23,x3*x5,recovery,0.012196236522545837,1e-06,0,0,1,0,1,0,0
23,x3*x5,productivity_mol_kg_h,0.002578679711775,0.1,0,0,1,0,1,0,0
23,x3*x5,log_energy,-0.0972606944683012,1.0,0,0,1,0,1,0,0
24,x3*x6,purity_log_excess,-0.00239525809288299,1.0,0,0,1,0,0,1,0
24,x3*x6,recovery,-0.004208427051561223,1e-06,0,0,1,0,0,1,0
24,x3*x6,productivity_mol_kg_h,-0.009427158843248308,0.1,0,0,1,0,0,1,0
24,x3*x6,log_energy,0.008119977042292826,1.0,0,0,1,0,0,1,0
25,x3*x7,purity_log_excess,-0.0031806429448557,1.0,0,0,1,0,0,0,1
25,x3*x7,recovery,0.010004030789417365,1e-06,0,0,1,0,0,0,1
25,x3*x7,productivity_mol_kg_h,-0.003805312515707156,0.1,0,0,1,0,0,0,1
25,x3*x7,log_energy,-0.004566417618140137,1.0,0,0,1,0,0,0,1
26,x4^2,purity_log_excess,0.0692703581649429,1.0,0,0,0,2,0,0,0
26,x4^2,recovery,0.03602924159316648,1e-06,0,0,0,2,0,0,0
26,x4^2,productivity_mol_kg_h,-0.00011144174228231104,0.1,0,0,0,2,0,0,0
26,x4^2,log_energy,-0.027542109835864685,1.0,0,0,0,2,0,0,0
27,x4*x5,purity_log_excess,0.013674129432779887,1.0,0,0,0,1,1,0,0
27,x4*x5,recovery,0.007370299232715175,1e-06,0,0,0,1,1,0,0
27,x4*x5,productivity_mol_kg_h,-0.0005919543196886429,0.1,0,0,0,1,1,0,0
27,x4*x5,log_energy,0.013942181325001884,1.0,0,0,0,1,1,0,0
28,x4*x6,purity_log_excess,0.008793443776494112,1.0,0,0,0,1,0,1,0
28,x4*x6,recovery,-0.0023823167568681955,1e-06,0,0,0,1,0,1,0
28,x4*x6,productivity_mol_kg_h,-0.008476861285650589,0.1,0,0,0,1,0,1,0
28,x4*x6,log_energy,0.006597715218610172,1.0,0,0,0,1,0,1,0
29,x4*x7,purity_log_excess,0.0044138613009747,1.0,0,0,0,1,0,0,1
29,x4*x7,recovery,0.001380031834205779,1e-06,0,0,0,1,0,0,1
29,x4*x7,productivity_mol_kg_h,-0.005177096783136155,0.1,0,0,0,1,0,0,1
29,x4*x7,log_energy,0.0037702794273448666,1.0,0,0,0,1,0,0,1
30,x5^2,purity_log_excess,-0.0071057414961108595,1.0,0,0,0,0,2,0,0
30,x5^2,recovery,-0.002167866032620555,1e-06,0,0,0,0,2,0,0
30,x5^2,productivity_mol_kg_h,0.0017397216906427052,0.1,0,0,0,0,2,0,0
30,x5^2,log_energy,0.04676744714803785,1.0,0,0,0,0,2,0,0
31,x5*x6,purity_log_excess,-0.0074843202436709055,1.0,0,0,0,0,1,1,0
31,x5*x6,recovery,-0.006674873831612377,1e-06,0,0,0,0,1,1,0
31,x5*x6,productivity_mol_kg_h,-0.0005200959274856953,0.1,0,0,0,0,1,1,0
31,x5*x6,log_energy,0.0008221790251500686,1.0,0,0,0,0,1,1,0
32,x5*x7,purity_log_excess,0.0007459737770630134,1.0,0,0,0,0,1,0,1
32,x5*x7,recovery,0.007186174197013193,1e-06,0,0,0,0,1,0,1
32,x5*x7,productivity_mol_kg_h,0.00012218959396350656,0.1,0,0,0,0,1,0,1
32,x5*x7,log_energy,-0.007471817386453201,1.0,0,0,0,0,1,0,1
33,x6^2,purity_log_excess,0.00453330282043228,1.0,0,0,0,0,0,2,0
33,x6^2,recovery,-0.005963151404637456,1e-06,0,0,0,0,0,2,0
33,x6^2,productivity_mol_kg_h,-0.0010666438259782018,0.1,0,0,0,0,0,2,0
33,x6^2,log_energy,0.0018179026838985707,1.0,0,0,0,0,0,2,0
34,x6*x7,purity_log_excess,-0.0055661974104015185,1.0,0,0,0,0,0,1,1
34,x6*x7,recovery,-0.007778123981563344,1e-06,0,0,0,0,0,1,1
34,x6*x7,productivity_mol_kg_h,0.00036500878352591597,0.1,0,0,0,0,0,1,1
34,x6*x7,log_energy,0.0018697876353725048,1.0,0,0,0,0,0,1,1
35,x7^2,purity_log_excess,-0.007043076308232886,1.0,0,0,0,0,0,0,2
35,x7^2,recovery,0.0006663103502347157,1e-06,0,0,0,0,0,0,2
35,x7^2,productivity_mol_kg_h,0.0009715176038824327,0.1,0,0,0,0,0,0,2
35,x7^2,log_energy,0.0019573094452322126,1.0,0,0,0,0,0,0,2
36,x1^3,purity_log_excess,0.012870945777423332,1.0,3,0,0,0,0,0,0
36,x1^3,recovery,0.010610157384917069,1e-06,3,0,0,0,0,0,0
36,x1^3,productivity_mol_kg_h,0.002620683345901864,0.1,3,0,0,0,0,0,0
36,x1^3,log_energy,0.12331269145525145,1.0,3,0,0,0,0,0,0
37,x1^2*x2,purity_log_excess,0.013038716803209819,1.0,2,1,0,0,0,0,0
37,x1^2*x2,recovery,0.009009735126760853,1e-06,2,1,0,0,0,0,0
37,x1^2*x2,productivity_mol_kg_h,0.0017311244858829863,0.1,2,1,0,0,0,0,0
37,x1^2*x2,log_energy,-0.0051877477990342775,1.0,2,1,0,0,0,0,0
38,x1^2*x3,purity_log_excess,0.002981266915048392,1.0,2,0,1,0,0,0,0
38,x1^2*x3,recovery,0.006619516502084481,1e-06,2,0,1,0,0,0,0
38,x1^2*x3,productivity_mol_kg_h,0.004080998365086046,0.1,2,0,1,0,0,0,0
38,x1^2*x3,log_energy,0.02979210308196829,1.0,2,0,1,0,0,0,0
39,x1^2*x4,purity_log_excess,0.01736196772905714,1.0,2,0,0,1,0,0,0
39,x1^2*x4,recovery,0.006739954564971958,1e-06,2,0,0,1,0,0,0
39,x1^2*x4,productivity_mol_kg_h,0.00037634310051250615,0.1,2,0,0,1,0,0,0
39,x1^2*x4,log_energy,0.010608690042854802,1.0,2,0,0,1,0,0,0
40,x1^2*x5,purity_log_excess,-0.01798179541729629,1.0,2,0,0,0,1,0,0
40,x1^2*x5,recovery,-0.009344869592734638,1e-06,2,0,0,0,1,0,0
40,x1^2*x5,productivity_mol_kg_h,-0.0010848347738401504,0.1,2,0,0,0,1,0,0
40,x1^2*x5,log_energy,-0.057076239151610725,1.0,2,0,0,0,1,0,0
41,x1^2*x6,purity_log_excess,-0.01113578812366485,1.0,2,0,0,0,0,1,0
41,x1^2*x6,recovery,-0.007321174332959392,1e-06,2,0,0,0,0,1,0
41,x1^2*x6,productivity_mol_kg_h,0.0016163900590737295,0.1,2,0,0,0,0,1,0
41,x1^2*x6,log_energy,-0.006854533651552358,1.0,2,0,0,0,0,1,0
42,x1^2*x7,purity_log_excess,-0.0034727257941992743,1.0,2,0,0,0,0,0,1
42,x1^2*x7,recovery,0.002226219938630769,1e-06,2,0,0,0,0,0,1
42,x1^2*x7,productivity_mol_kg_h,0.0016179547427678097,0.1,2,0,0,0,0,0,1
42,x1^2*x7,log_energy,-0.006777299689025718,1.0,2,0,0,0,0,0,1
43,x1*x2^2,purity_log_excess,0.01633639717360468,1.0,1,2,0,0,0,0,0
43,x1*x2^2,recovery,-0.022739059896633402,1e-06,1,2,0,0,0,0,0
43,x1*x2^2,productivity_mol_kg_h,-0.004907455198736041,0.1,1,2,0,0,0,0,0
43,x1*x2^2,log_energy,0.004850530078447187,1.0,1,2,0,0,0,0,0
44,x1*x2*x3,purity_log_excess,0.003015579257276109,1.0,1,1,1,0,0,0,0
44,x1*x2*x3,recovery,-0.0006187919833824912,1e-06,1,1,1,0,0,0,0
44,x1*x2*x3,productivity_mol_kg_h,0.007988186069079013,0.1,1,1,1,0,0,0,0
44,x1*x2*x3,log_energy,-0.004971573618341302,1.0,1,1,1,0,0,0,0
45,x1*x2*x4,purity_log_excess,0.0068396027208945,1.0,1,1,0,1,0,0,0
45,x1*x2*x4,recovery,-0.006496115960165575,1e-06,1,1,0,1,0,0,0
45,x1*x2*x4,productivity_mol_kg_h,0.005662029922098525,0.1,1,1,0,1,0,0,0
45,x1*x2*x4,log_energy,-0.0005637428576827478,1.0,1,1,0,1,0,0,0
46,x1*x2*x5,purity_log_excess,-0.00852000380948963,1.0,1,1,0,0,1,0,0
46,x1*x2*x5,recovery,-0.013573568966375238,1e-06,1,1,0,0,1,0,0
46,x1*x2*x5,productivity_mol_kg_h,0.0008157467685290244,0.1,1,1,0,0,1,0,0
46,x1*x2*x5,log_energy,0.006729762990308902,1.0,1,1,0,0,1,0,0
47,x1*x2*x6,purity_log_excess,-0.012921967685399294,1.0,1,1,0,0,0,1,0
47,x1*x2*x6,recovery,-0.007702314277724359,1e-06,1,1,0,0,0,1,0
47,x1*x2*x6,productivity_mol_kg_h,0.0031729829676645405,0.1,1,1,0,0,0,1,0
47,x1*x2*x6,log_energy,0.0037628383602328944,1.0,1,1,0,0,0,1,0
48,x1*x2*x7,purity_log_excess,0.008085979351394953,1.0,1,1,0,0,0,0,1
48,x1*x2*x7,recovery,-0.008324323817317828,1e-06,1,1,0,0,0,0,1
48,x1*x2*x7,productivity_mol_kg_h,0.0011423470983065406,0.1,1,1,0,0,0,0,1
48,x1*x2*x7,log_energy,0.0006335248129007556,1.0,1,1,0,0,0,0,1
49,x1*x3^2,purity_log_excess,0.0013478601717241399,1.0,1,0,2,0,0,0,0
49,x1*x3^2,recovery,0.0058270008052076095,1e-06,1,0,2,0,0,0,0
49,x1*x3^2,productivity_mol_kg_h,0.00010060052555687006,0.1,1,0,2,0,0,0,0
49,x1*x3^2,log_energy,0.04436903240827287,1.0,1,0,2,0,0,0,0
50,x1*x3*x4,purity_log_excess,-0.003403862720866882,1.0,1,0,1,1,0,0,0
50,x1*x3*x4,recovery,0.006541856612653875,1e-06,1,0,1,1,0,0,0
50,x1*x3*x4,productivity_mol_kg_h,0.1365941246848318,0.1,1,0,1,1,0,0,0
50,x1*x3*x4,log_energy,0.017998328139240904,1.0,1,0,1,1,0,0,0
51,x1*x3*x5,purity_log_excess,0.01253022733873813,1.0,1,0,1,0,1,0,0
51,x1*x3*x5,recovery,-0.011272198654670133,1e-06,1,0,1,0,1,0,0
51,x1*x3*x5,productivity_mol_kg_h,-0.0023227789495168984,0.1,1,0,1,0,1,0,0
51,x1*x3*x5,log_energy,0.038607944459283526,1.0,1,0,1,0,1,0,0
52,x1*x3*x6,purity_log_excess,0.014885843126398443,1.0,1,0,1,0,0,1,0
52,x1*x3*x6,recovery,-0.003923988029429032,1e-06,1,0,1,0,0,1,0
52,x1*x3*x6,productivity_mol_kg_h,-0.001310101384271608,0.1,1,0,1,0,0,1,0
52,x1*x3*x6,log_energy,-0.0009425544956425491,1.0,1,0,1,0,0,1,0
53,x1*x3*x7,purity_log_excess,-0.01603033524756589,1.0,1,0,1,0,0,0,1
53,x1*x3*x7,recovery,0.0022731836551001965,1e-06,1,0,1,0,0,0,1
53,x1*x3*x7,productivity_mol_kg_h,-0.0007367526933059818,0.1,1,0,1,0,0,0,1
53,x1*x3*x7,log_energy,-0.0039175905943008614,1.0,1,0,1,0,0,0,1
54,x1*x4^2,purity_log_excess,0.0032684015285574172,1.0,1,0,0,2,0,0,0
54,x1*x4^2,recovery,-0.005716839275824249,1e-06,1,0,0,2,0,0,0
54,x1*x4^2,productivity_mol_kg_h,0.0015481318872368757,0.1,1,0,0,2,0,0,0
54,x1*x4^2,log_energy,-0.015522149197800894,1.0,1,0,0,2,0,0,0
55,x1*x4*x5,purity_log_excess,0.0009998333732906084,1.0,1,0,0,1,1,0,0
55,x1*x4*x5,recovery,-0.0035262656919497017,1e-06,1,0,0,1,1,0,0
55,x1*x4*x5,productivity_mol_kg_h,-0.0016570691058066626,0.1,1,0,0,1,1,0,0
55,x1*x4*x5,log_energy,-0.005305281498544493,1.0,1,0,0,1,1,0,0
56,x1*x4*x6,purity_log_excess,-0.00011358851156315384,1.0,1,0,0,1,0,1,0
56,x1*x4*x6,recovery,-0.00933321709882993,1e-06,1,0,0,1,0,1,0
56,x1*x4*x6,productivity_mol_kg_h,-0.004283192732267136,0.1,1,0,0,1,0,1,0
56,x1*x4*x6,log_energy,0.01652801668923221,1.0,1,0,0,1,0,1,0
57,x1*x4*x7,purity_log_excess,0.006433112391530222,1.0,1,0,0,1,0,0,1
57,x1*x4*x7,recovery,-0.0003720373976568262,1e-06,1,0,0,1,0,0,1
57,x1*x4*x7,productivity_mol_kg_h,-0.0012651062661712226,0.1,1,0,0,1,0,0,1
57,x1*x4*x7,log_energy,0.006195656022536126,1.0,1,0,0,1,0,0,1
58,x1*x5^2,purity_log_excess,0.006721894599525156,1.0,1,0,0,0,2,0,0
58,x1*x5^2,recovery,0.005872261368352258,1e-06,1,0,0,0,2,0,0
58,x1*x5^2,productivity_mol_kg_h,0.0010142683634795345,0.1,1,0,0,0,2,0,0
58,x1*x5^2,log_energy,-0.026486835504482567,1.0,1,0,0,0,2,0,0
59,x1*x5*x6,purity_log_excess,0.007585818549223502,1.0,1,0,0,0,1,1,0
59,x1*x5*x6,recovery,-0.003338521114462988,1e-06,1,0,0,0,1,1,0
59,x1*x5*x6,productivity_mol_kg_h,-0.002422862981882308,0.1,1,0,0,0,1,1,0
59,x1*x5*x6,log_energy,0.011809479929309405,1.0,1,0,0,0,1,1,0
60,x1*x5*x7,purity_log_excess,-0.0009889210473599964,1.0,1,0,0,0,1,0,1
60,x1*x5*x7,recovery,0.0007749302136763772,1e-06,1,0,0,0,1,0,1
60,x1*x5*x7,productivity_mol_kg_h,-0.0010509761120385292,0.1,1,0,0,0,1,0,1
60,x1*x5*x7,log_energy,0.006601564167516138,1.0,1,0,0,0,1,0,1
61,x1*x6^2,purity_log_excess,0.008737185526017724,1.0,1,0,0,0,0,2,0
61,x1*x6^2,recovery,0.014587772133116045,1e-06,1,0,0,0,0,2,0
61,x1*x6^2,productivity_mol_kg_h,0.0038251572940486344,0.1,1,0,0,0,0,2,0
61,x1*x6^2,log_energy,-0.011215292091879164,1.0,1,0,0,0,0,2,0
62,x1*x6*x7,purity_log_excess,0.0019010814685988385,1.0,1,0,0,0,0,1,1
62,x1*x6*x7,recovery,-0.004207458673743006,1e-06,1,0,0,0,0,1,1
62,x1*x6*x7,productivity_mol_kg_h,0.0013872644209850832,0.1,1,0,0,0,0,1,1
62,x1*x6*x7,log_energy,0.005691794077437319,1.0,1,0,0,0,0,1,1
63,x1*x7^2,purity_log_excess,-0.00872170315790851,1.0,1,0,0,0,0,0,2
63,x1*x7^2,recovery,-0.004401036380285671,1e-06,1,0,0,0,0,0,2
63,x1*x7^2,productivity_mol_kg_h,-0.0002162439010821577,0.1,1,0,0,0,0,0,2
63,x1*x7^2,log_energy,0.007745587956815202,1.0,1,0,0,0,0,0,2
64,x2^3,purity_log_excess,-0.08651946908073285,1.0,0,3,0,0,0,0,0
64,x2^3,recovery,-0.0814495601848126,1e-06,0,3,0,0,0,0,0
64,x2^3,productivity_mol_kg_h,0.007427480322604513,0.1,0,3,0,0,0,0,0
64,x2^3,log_energy,0.05726843698048752,1.0,0,3,0,0,0,0,0
65,x2^2*x3,purity_log_excess,0.018741966323899985,1.0,0,2,1,0,0,0,0
65,x2^2*x3,recovery,-0.04554290407436627,1e-06,0,2,1,0,0,0,0
65,x2^2*x3,productivity_mol_kg_h,-0.030486384497860633,0.1,0,2,1,0,0,0,0
65,x2^2*x3,log_energy,0.04132678560775636,1.0,0,2,1,0,0,0,0
66,x2^2*x4,purity_log_excess,0.012151381767041293,1.0,0,2,0,1,0,0,0
66,x2^2*x4,recovery,-0.03520077494575173,1e-06,0,2,0,1,0,0,0
66,x2^2*x4,productivity_mol_kg_h,-0.013200107279374762,0.1,0,2,0,1,0,0,0
66,x2^2*x4,log_energy,0.008514220940910694,1.0,0,2,0,1,0,0,0
67,x2^2*x5,purity_log_excess,-0.0009630701546064932,1.0,0,2,0,0,1,0,0
67,x2^2*x5,recovery,-0.01798012967331708,1e-06,0,2,0,0,1,0,0
67,x2^2*x5,productivity_mol_kg_h,-0.0057320994346060595,0.1,0,2,0,0,1,0,0
67,x2^2*x5,log_energy,0.005998168518049139,1.0,0,2,0,0,1,0,0
68,x2^2*x6,purity_log_excess,0.006477387934828419,1.0,0,2,0,0,0,1,0
68,x2^2*x6,recovery,0.0077685673790226185,1e-06,0,2,0,0,0,1,0
68,x2^2*x6,productivity_mol_kg_h,-0.014442787886408346,0.1,0,2,0,0,0,1,0
68,x2^2*x6,log_energy,0.016168693076097113,1.0,0,2,0,0,0,1,0
69,x2^2*x7,purity_log_excess,0.0024546965691373255,1.0,0,2,0,0,0,0,1
69,x2^2*x7,recovery,-0.024800679781079946,1e-06,0,2,0,0,0,0,1
69,x2^2*x7,productivity_mol_kg_h,-0.007541601440815376,0.1,0,2,0,0,0,0,1
69,x2^2*x7,log_energy,0.009506341609961028,1.0,0,2,0,0,0,0,1
70,x2*x3^2,purity_log_excess,0.008799479137445127,1.0,0,1,2,0,0,0,0
70,x2*x3^2,recovery,0.0027968750813920987,1e-06,0,1,2,0,0,0,0
70,x2*x3^2,productivity_mol_kg_h,0.010076108055153484,0.1,0,1,2,0,0,0,0
70,x2*x3^2,log_energy,0.06272446447045817,1.0,0,1,2,0,0,0,0
71,x2*x3*x4,purity_log_excess,-0.006739934807505516,1.0,0,1,1,1,0,0,0
71,x2*x3*x4,recovery,-0.007075929987645987,1e-06,0,1,1,1,0,0,0
71,x2*x3*x4,productivity_mol_kg_h,0.013953560295870547,0.1,0,1,1,1,0,0,0
71,x2*x3*x4,log_energy,0.02041029883632689,1.0,0,1,1,1,0,0,0
72,x2*x3*x5,purity_log_excess,0.00213726005353235,1.0,0,1,1,0,1,0,0
72,x2*x3*x5,recovery,-0.012312381863502836,1e-06,0,1,1,0,1,0,0
72,x2*x3*x5,productivity_mol_kg_h,-0.003269720886139574,0.1,0,1,1,0,1,0,0
72,x2*x3*x5,log_energy,0.016722648985965524,1.0,0,1,1,0,1,0,0
73,x2*x3*x6,purity_log_excess,-0.004438761138048811,1.0,0,1,1,0,0,1,0
73,x2*x3*x6,recovery,0.009074925202710932,1e-06,0,1,1,0,0,1,0
73,x2*x3*x6,productivity_mol_kg_h,0.011196153412784422,0.1,0,1,1,0,0,1,0
73,x2*x3*x6,log_energy,-0.012008865233668928,1.0,0,1,1,0,0,1,0
74,x2*x3*x7,purity_log_excess,-0.006367824937553688,1.0,0,1,1,0,0,0,1
74,x2*x3*x7,recovery,-0.0175985772892559,1e-06,0,1,1,0,0,0,1
74,x2*x3*x7,productivity_mol_kg_h,0.002380670727510387,0.1,0,1,1,0,0,0,1
74,x2*x3*x7,log_energy,0.008261401731304052,1.0,0,1,1,0,0,0,1
75,x2*x4^2,purity_log_excess,0.0012668909698770308,1.0,0,1,0,2,0,0,0
75,x2*x4^2,recovery,-0.02944830637526328,1e-06,0,1,0,2,0,0,0
75,x2*x4^2,productivity_mol_kg_h,-0.0024175811578828247,0.1,0,1,0,2,0,0,0
75,x2*x4^2,log_energy,0.008918740303259788,1.0,0,1,0,2,0,0,0
76,x2*x4*x5,purity_log_excess,0.0030084837524089734,1.0,0,1,0,1,1,0,0
76,x2*x4*x5,recovery,0.0020674455063724156,1e-06,0,1,0,1,1,0,0
76,x2*x4*x5,productivity_mol_kg_h,0.0014489264193115131,0.1,0,1,0,1,1,0,0
76,x2*x4*x5,log_energy,0.0014285639398609648,1.0,0,1,0,1,1,0,0
77,x2*x4*x6,purity_log_excess,-0.0071100018440154985,1.0,0,1,0,1,0,1,0
77,x2*x4*x6,recovery,-0.0066853157862277355,1e-06,0,1,0,1,0,1,0
77,x2*x4*x6,productivity_mol_kg_h,0.008334313474291989,0.1,0,1,0,1,0,1,0
77,x2*x4*x6,log_energy,0.004930980835439584,1.0,0,1,0,1,0,1,0
78,x2*x4*x7,purity_log_excess,0.010084770246461846,1.0,0,1,0,1,0,0,1
78,x2*x4*x7,recovery,-0.008837048666977036,1e-06,0,1,0,1,0,0,1
78,x2*x4*x7,productivity_mol_kg_h,0.0024508091856268364,0.1,0,1,0,1,0,0,1
78,x2*x4*x7,log_energy,0.00725449767307439,1.0,0,1,0,1,0,0,1
79,x2*x5^2,purity_log_excess,0.00044958859808625295,1.0,0,1,0,0,2,0,0
79,x2*x5^2,recovery,0.00785660921274853,1e-06,0,1,0,0,2,0,0
79,x2*x5^2,productivity_mol_kg_h,-0.000967672672536525,0.1,0,1,0,0,2,0,0
79,x2*x5^2,log_energy,0.002759612553732179,1.0,0,1,0,0,2,0,0
80,x2*x5*x6,purity_log_excess,0.008374933893428027,1.0,0,1,0,0,1,1,0
80,x2*x5*x6,recovery,0.0013968216834217967,1e-06,0,1,0,0,1,1,0
80,x2*x5*x6,productivity_mol_kg_h,4.769286330622575e-05,0.1,0,1,0,0,1,1,0
80,x2*x5*x6,log_energy,0.0008722150283341745,1.0,0,1,0,0,1,1,0
81,x2*x5*x7,purity_log_excess,-0.014470228866451816,1.0,0,1,0,0,1,0,1
81,x2*x5*x7,recovery,-0.008242133722565895,1e-06,0,1,0,0,1,0,1
81,x2*x5*x7,productivity_mol_kg_h,-0.0005807048525487244,0.1,0,1,0,0,1,0,1
81,x2*x5*x7,log_energy,0.0022096709373684844,1.0,0,1,0,0,1,0,1
82,x2*x6^2,purity_log_excess,0.0005408740207047974,1.0,0,1,0,0,0,2,0
82,x2*x6^2,recovery,0.010259002350998176,1e-06,0,1,0,0,0,2,0
82,x2*x6^2,productivity_mol_kg_h,0.002910048551900512,0.1,0,1,0,0,0,2,0
82,x2*x6^2,log_energy,-0.006313950146221165,1.0,0,1,0,0,0,2,0
83,x2*x6*x7,purity_log_excess,0.0014977875941390517,1.0,0,1,0,0,0,1,1
83,x2*x6*x7,recovery,0.010682154954566586,1e-06,0,1,0,0,0,1,1
83,x2*x6*x7,productivity_mol_kg_h,-0.00120188292631301,0.1,0,1,0,0,0,1,1
83,x2*x6*x7,log_energy,0.0033202847677785575,1.0,0,1,0,0,0,1,1
84,x2*x7^2,purity_log_excess,0.011848090329593568,1.0,0,1,0,0,0,0,2
84,x2*x7^2,recovery,-0.0008948498257483968,1e-06,0,1,0,0,0,0,2
84,x2*x7^2,productivity_mol_kg_h,-0.004150844020303049,0.1,0,1,0,0,0,0,2
84,x2*x7^2,log_energy,-0.0032453370764392894,1.0,0,1,0,0,0,0,2
85,x3^3,purity_log_excess,-0.22458825749153263,1.0,0,0,3,0,0,0,0
85,x3^3,recovery,0.009741862549905545,1e-06,0,0,3,0,0,0,0
85,x3^3,productivity_mol_kg_h,-0.0006661441224616013,0.1,0,0,3,0,0,0,0
85,x3^3,log_energy,-0.19053339078215825,1.0,0,0,3,0,0,0,0
86,x3^2*x4,purity_log_excess,-0.013395565677598033,1.0,0,0,2,1,0,0,0
86,x3^2*x4,recovery,0.016094945815523492,1e-06,0,0,2,1,0,0,0
86,x3^2*x4,productivity_mol_kg_h,-0.003180361993525744,0.1,0,0,2,1,0,0,0
86,x3^2*x4,log_energy,0.01744800654247023,1.0,0,0,2,1,0,0,0
87,x3^2*x5,purity_log_excess,-0.018416418172186984,1.0,0,0,2,0,1,0,0
87,x3^2*x5,recovery,0.0013598005569830298,1e-06,0,0,2,0,1,0,0
87,x3^2*x5,productivity_mol_kg_h,0.0005781851634894022,0.1,0,0,2,0,1,0,0
87,x3^2*x5,log_energy,0.0239218442293583,1.0,0,0,2,0,1,0,0
88,x3^2*x6,purity_log_excess,8.430464001892316e-06,1.0,0,0,2,0,0,1,0
88,x3^2*x6,recovery,-0.002799172344136277,1e-06,0,0,2,0,0,1,0
88,x3^2*x6,productivity_mol_kg_h,-0.0053286596169967075,0.1,0,0,2,0,0,1,0
88,x3^2*x6,log_energy,-0.006325054897021847,1.0,0,0,2,0,0,1,0
89,x3^2*x7,purity_log_excess,-0.016993613887610892,1.0,0,0,2,0,0,0,1
89,x3^2*x7,recovery,-0.0034562743000112724,1e-06,0,0,2,0,0,0,1
89,x3^2*x7,productivity_mol_kg_h,-0.0006659250278730896,0.1,0,0,2,0,0,0,1
89,x3^2*x7,log_energy,-0.013209935124354033,1.0,0,0,2,0,0,0,1
90,x3*x4^2,purity_log_excess,0.012193771537175086,1.0,0,0,1,2,0,0,0
90,x3*x4^2,recovery,-0.01465090862640506,1e-06,0,0,1,2,0,0,0
90,x3*x4^2,productivity_mol_kg_h,-0.00017604106616257928,0.1,0,0,1,2,0,0,0
90,x3*x4^2,log_energy,0.02984119299990773,1.0,0,0,1,2,0,0,0
91,x3*x4*x5,purity_log_excess,-0.0005092340087791931,1.0,0,0,1,1,1,0,0
91,x3*x4*x5,recovery,0.00012277533790167264,1e-06,0,0,1,1,1,0,0
91,x3*x4*x5,productivity_mol_kg_h,-0.0028061493505609834,0.1,0,0,1,1,1,0,0
91,x3*x4*x5,log_energy,-0.012093774924084618,1.0,0,0,1,1,1,0,0
92,x3*x4*x6,purity_log_excess,0.006012850202269589,1.0,0,0,1,1,0,1,0
92,x3*x4*x6,recovery,-0.007973627176316235,1e-06,0,0,1,1,0,1,0
92,x3*x4*x6,productivity_mol_kg_h,-0.007662019940305816,0.1,0,0,1,1,0,1,0
92,x3*x4*x6,log_energy,0.011602901382072582,1.0,0,0,1,1,0,1,0
93,x3*x4*x7,purity_log_excess,0.0062431823954538735,1.0,0,0,1,1,0,0,1
93,x3*x4*x7,recovery,-0.008808354132194567,1e-06,0,0,1,1,0,0,1
93,x3*x4*x7,productivity_mol_kg_h,-0.0037676285272589447,0.1,0,0,1,1,0,0,1
93,x3*x4*x7,log_energy,0.00705388094238795,1.0,0,0,1,1,0,0,1
94,x3*x5^2,purity_log_excess,-0.007591114318018539,1.0,0,0,1,0,2,0,0
94,x3*x5^2,recovery,-8.723868001578592e-05,1e-06,0,0,1,0,2,0,0
94,x3*x5^2,productivity_mol_kg_h,0.0019298374566525582,0.1,0,0,1,0,2,0,0
94,x3*x5^2,log_energy,0.009241013968040376,1.0,0,0,1,0,2,0,0
95,x3*x5*x6,purity_log_excess,-0.0020503670577703232,1.0,0,0,1,0,1,1,0
95,x3*x5*x6,recovery,0.0070238395121745905,1e-06,0,0,1,0,1,1,0
95,x3*x5*x6,productivity_mol_kg_h,0.0018580981212903492,0.1,0,0,1,0,1,1,0
95,x3*x5*x6,log_energy,0.009879974099656503,1.0,0,0,1,0,1,1,0
96,x3*x5*x7,purity_log_excess,0.006352254338392994,1.0,0,0,1,0,1,0,1
96,x3*x5*x7,recovery,-0.001025150864584783,1e-06,0,0,1,0,1,0,1
96,x3*x5*x7,productivity_mol_kg_h,-0.0007561944381081504,0.1,0,0,1,0,1,0,1
96,x3*x5*x7,log_energy,0.009958800939273236,1.0,0,0,1,0,1,0,1
97,x3*x6^2,purity_log_excess,0.0014720591643300096,1.0,0,0,1,0,0,2,0
97,x3*x6^2,recovery,0.006989814505606425,1e-06,0,0,1,0,0,2,0
97,x3*x6^2,productivity_mol_kg_h,-0.0007139279233158033,0.1,0,0,1,0,0,2,0
97,x3*x6^2,log_energy,-0.006520909758898766,1.0,0,0,1,0,0,2,0
98,x3*x6*x7,purity_log_excess,0.009309005886316186,1.0,0,0,1,0,0,1,1
98,x3*x6*x7,recovery,0.006241238541685795,1e-06,0,0,1,0,0,1,1
98,x3*x6*x7,productivity_mol_kg_h,0.003135903437536394,0.1,0,0,1,0,0,1,1
98,x3*x6*x7,log_energy,-0.010178146488020394,1.0,0,0,1,0,0,1,1
99,x3*x7^2,purity_log_excess,-0.019361856645129755,1.0,0,0,1,0,0,0,2
99,x3*x7^2,recovery,0.000206179298588505,1e-06,0,0,1,0,0,0,2
99,x3*x7^2,productivity_mol_kg_h,0.004340049209304664,0.1,0,0,1,0,0,0,2
99,x3*x7^2,log_energy,0.0030127261976625004,1.0,0,0,1,0,0,0,2
100,x4^3,purity_log_excess,-0.02520873601522841,1.0,0,0,0,3,0,0,0
100,x4^3,recovery,-0.022815435012074285,1e-06,0,0,0,3,0,0,0
100,x4^3,productivity_mol_kg_h,0.0023593675673403034,0.1,0,0,0,3,0,0,0
100,x4^3,log_energy,0.04222669992685723,1.0,0,0,0,3,0,0,0
101,x4^2*x5,purity_log_excess,0.0021263740253350074,1.0,0,0,0,2,1,0,0
101,x4^2*x5,recovery,-0.0011156465559930137,1e-06,0,0,0,2,1,0,0
101,x4^2*x5,productivity_mol_kg_h,0.0003219015349118396,0.1,0,0,0,2,1,0,0
101,x4^2*x5,log_energy,0.010796607791243053,1.0,0,0,0,2,1,0,0
102,x4^2*x6,purity_log_excess,-0.0031041766135918524,1.0,0,0,0,2,0,1,0
102,x4^2*x6,recovery,-0.007939179654898487,1e-06,0,0,0,2,0,1,0
102,x4^2*x6,productivity_mol_kg_h,0.00011473249222758856,0.1,0,0,0,2,0,1,0
102,x4^2*x6,log_energy,-0.002902946909559795,1.0,0,0,0,2,0,1,0
103,x4^2*x7,purity_log_excess,-0.004837242447080159,1.0,0,0,0,2,0,0,1
103,x4^2*x7,recovery,-0.008141674562031988,1e-06,0,0,0,2,0,0,1
103,x4^2*x7,productivity_mol_kg_h,-0.00035441296132718834,0.1,0,0,0,2,0,0,1
103,x4^2*x7,log_energy,0.0029372982493995684,1.0,0,0,0,2,0,0,1
104,x4*x5^2,purity_log_excess,0.00375680775055876,1.0,0,0,0,1,2,0,0
104,x4*x5^2,recovery,0.0043444361263008215,1e-06,0,0,0,1,2,0,0
104,x4*x5^2,productivity_mol_kg_h,-0.0017087325843767166,0.1,0,0,0,1,2,0,0
104,x4*x5^2,log_energy,0.010220609741292552,1.0,0,0,0,1,2,0,0
105,x4*x5*x6,purity_log_excess,0.003910155065489927,1.0,0,0,0,1,1,1,0
105,x4*x5*x6,recovery,-0.008939527536602113,1e-06,0,0,0,1,1,1,0
105,x4*x5*x6,productivity_mol_kg_h,-0.0011942215129514457,0.1,0,0,0,1,1,1,0
105,x4*x5*x6,log_energy,0.00017212518679053632,1.0,0,0,0,1,1,1,0
106,x4*x5*x7,purity_log_excess,-0.003448411913748523,1.0,0,0,0,1,1,0,1
106,x4*x5*x7,recovery,0.0021718511641543622,1e-06,0,0,0,1,1,0,1
106,x4*x5*x7,productivity_mol_kg_h,-0.0010568320814810705,0.1,0,0,0,1,1,0,1
106,x4*x5*x7,log_energy,-0.003036959736719887,1.0,0,0,0,1,1,0,1
107,x4*x6^2,purity_log_excess,0.010020904017195931,1.0,0,0,0,1,0,2,0
107,x4*x6^2,recovery,0.011036533324239447,1e-06,0,0,0,1,0,2,0
107,x4*x6^2,productivity_mol_kg_h,-0.000836439228400874,0.1,0,0,0,1,0,2,0
107,x4*x6^2,log_energy,-0.003984559936804054,1.0,0,0,0,1,0,2,0
108,x4*x6*x7,purity_log_excess,0.010372898255424614,1.0,0,0,0,1,0,1,1
108,x4*x6*x7,recovery,0.0032620859044612876,1e-06,0,0,0,1,0,1,1
108,x4*x6*x7,productivity_mol_kg_h,0.0007882485570488923,0.1,0,0,0,1,0,1,1
108,x4*x6*x7,log_energy,0.005300913436718091,1.0,0,0,0,1,0,1,1
109,x4*x7^2,purity_log_excess,0.008244732105446727,1.0,0,0,0,1,0,0,2
109,x4*x7^2,recovery,0.0024635336964146347,1e-06,0,0,0,1,0,0,2
109,x4*x7^2,productivity_mol_kg_h,0.0028440920963031403,0.1,0,0,0,1,0,0,2
109,x4*x7^2,log_energy,-0.002157314075595488,1.0,0,0,0,1,0,0,2
110,x5^3,purity_log_excess,0.009053104852786539,1.0,0,0,0,0,3,0,0
110,x5^3,recovery,0.008341831658764882,1e-06,0,0,0,0,3,0,0
110,x5^3,productivity_mol_kg_h,0.0029428737554280647,0.1,0,0,0,0,3,0,0
110,x5^3,log_energy,-0.010165037103162286,1.0,0,0,0,0,3,0,0
111,x5^2*x6,purity_log_excess,0.0012876469697379299,1.0,0,0,0,0,2,1,0
111,x5^2*x6,recovery,-0.0011740458355457102,1e-06,0,0,0,0,2,1,0
111,x5^2*x6,productivity_mol_kg_h,0.0034341485832856257,0.1,0,0,0,0,2,1,0
111,x5^2*x6,log_energy,0.011983905070217361,1.0,0,0,0,0,2,1,0
112,x5^2*x7,purity_log_excess,0.0029889341234194955,1.0,0,0,0,0,2,0,1
112,x5^2*x7,recovery,0.004949930102345486,1e-06,0,0,0,0,2,0,1
112,x5^2*x7,productivity_mol_kg_h,0.002011892143395101,0.1,0,0,0,0,2,0,1
112,x5^2*x7,log_energy,-0.006039016010450203,1.0,0,0,0,0,2,0,1
113,x5*x6^2,purity_log_excess,0.007121637316467042,1.0,0,0,0,0,1,2,0
113,x5*x6^2,recovery,0.009527805516872902,1e-06,0,0,0,0,1,2,0
113,x5*x6^2,productivity_mol_kg_h,0.003361820169423972,0.1,0,0,0,0,1,2,0
113,x5*x6^2,log_energy,0.00028823386267290554,1.0,0,0,0,0,1,2,0
114,x5*x6*x7,purity_log_excess,-0.00565854582428323,1.0,0,0,0,0,1,1,1
114,x5*x6*x7,recovery,-0.003006378974054869,1e-06,0,0,0,0,1,1,1
114,x5*x6*x7,productivity_mol_kg_h,0.000961559054205989,0.1,0,0,0,0,1,1,1
114,x5*x6*x7,log_energy,-0.0052827254532072584,1.0,0,0,0,0,1,1,1
115,x5*x7^2,purity_log_excess,-0.007664769046251409,1.0,0,0,0,0,1,0,2
115,x5*x7^2,recovery,0.001310050992410509,1e-06,0,0,0,0,1,0,2
115,x5*x7^2,productivity_mol_kg_h,0.0007796440420437856,0.1,0,0,0,0,1,0,2
115,x5*x7^2,log_energy,-0.01885374719109323,1.0,0,0,0,0,1,0,2
116,x6^3,purity_log_excess,-0.0064214369960657845,1.0,0,0,0,0,0,3,0
116,x6^3,recovery,-0.002438522710318084,1e-06,0,0,0,0,0,3,0
116,x6^3,productivity_mol_kg_h,0.0024706929988935694,0.1,0,0,0,0,0,3,0
116,x6^3,log_energy,-0.003046366105883545,1.0,0,0,0,0,0,3,0
117,x6^2*x7,purity_log_excess,-0.009685165993008069,1.0,0,0,0,0,0,2,1
117,x6^2*x7,recovery,0.01063129901414004,1e-06,0,0,0,0,0,2,1
117,x6^2*x7,productivity_mol_kg_h,0.0062952148808697985,0.1,0,0,0,0,0,2,1
117,x6^2*x7,log_energy,-0.020880622014634927,1.0,0,0,0,0,0,2,1
118,x6*x7^2,purity_log_excess,0.00019081357375822424,1.0,0,0,0,0,0,1,2
118,x6*x7^2,recovery,-0.0007958525411099682,1e-06,0,0,0,0,0,1,2
118,x6*x7^2,productivity_mol_kg_h,0.004615679055696139,0.1,0,0,0,0,0,1,2
118,x6*x7^2,log_energy,-0.008037594367145216,1.0,0,0,0,0,0,1,2
119,x7^3,purity_log_excess,0.0023379287720186165,1.0,0,0,0,0,0,0,3
119,x7^3,recovery,0.004833310278750481,1e-06,0,0,0,0,0,0,3
119,x7^3,productivity_mol_kg_h,0.00014005252699484462,0.1,0,0,0,0,0,0,3
119,x7^3,log_energy,0.006018936105912272,1.0,0,0,0,0,0,0,3
